"OVERALL STATS","","","","","","","","","","","","","","","","","","","","","","","","","","","","TYPE","Position","Stat Type","Row","Place","Team","Points","","RANK","TEAM","POINTS","POSITION","ACHIEVEMENT","DIV/LEAGUE","BONUS"
"Categories","","","","","","","","","","","","","","","","","","","","","","","","","","","","POSITION","QB ","AVERAGE","1","1","EAGLES","4","","3","DECOUPES","26.00","8.00","16.00","0.00","2.00"
"QB","Average","26.93","22.31","25.23","21.88","25.49","23.38","23.96","21.79","22.41","28.90","QB","","","LONGEST WIN STREAK","5","5","12","2","2","2","2","2","3","3","","","POSITION","QB ","AVERAGE","2","1","-","4","","10","POPEYES","9.75","3.25","2.50","0.00","4.00"
"QB","Highest Score","36.12","39.00","45.26","35.20","41.28","38.82","37.94","40.66","36.72","50.28","QB","","","MOST TRADES","3","1","1","0","0","1","0","0","0","0","","","POSITION","QB ","AVERAGE","3","1","-","4","","1","GREEN","59.50","17.00","23.50","19.00","0.00"
"RB","Average","18.30","17.79","23.18","13.60","19.18","18.73","16.16","15.49","17.51","12.98","RB","","","WAIVER WIRE","50","26","15","16","10","19","5","24","15","11","","","POSITION","QB ","AVERAGE","1","2","DECOUPES","2","","7","SAVAGES","14.00","12.50","1.50","0.00","0.00"
"RB","Highest Score","58.90","43.70","54.80","26.50","42.50","33.90","35.80","32.00","37.86","29.50","RB","","","RANK START","5","1","4","2","10","6","3","9","8","7","","","POSITION","QB ","AVERAGE","2","2","-","2","","6","KINGS","15.00","5.50","9.50","0.00","0.00"
"WR","Average","13.60","15.15","13.47","16.05","11.85","14.62","15.96","13.15","15.82","12.14","WR","","","CURRENT RANK","3","5","1","9","8","6","10","2","4","7","","","POSITION","QB ","AVERAGE","3","2","-","2","","8","CHAMPS","13.75","3.25","7.00","1.00","2.50"
"WR","Highest Score","31.70","37.00","36.20","39.80","25.28","26.50","38.20","32.80","40.40","38.70","WR","","","RANK CHANGE","2","-4","3","-7","2","0","-7","7","4","0","","","POSITION","QB ","AVERAGE","1","3","KINGS","1","","9","METAMOOKDAWGS","10.50","6.00","2.00","0.00","2.50"
"TE","Average","13.11","10.03","10.59","18.18","10.56","8.49","8.18","14.33","13.20","12.53","TE","","","MOTW RECORD","6","3","2","6","9","5","9","1","4","8","","","POSITION","QB ","AVERAGE","2","3","-","1","","2","YARDIES","31.25","12.00","9.25","8.00","2.00"
"TE","Highest Score","34.30","26.40","18.50","29.40","29.00","13.70","27.10","44.40","23.90","24.70","TE","","","MOST BLOWOUTS","4","2","5","2","5","3","2","2","1","2","","","POSITION","QB ","AVERAGE","3","3","-","1","","4","MUTTS","24.50","13.50","3.00","3.00","5.00"
"FLEX","Average","12.08","11.32","19.03","12.80","8.65","13.64","13.21","15.98","13.91","16.73","FLEX","","","MOST UPSETS","4","2","2","3","5","2","4","1","2","5","","","POSITION","QB ","HIGHEST SCORE","1","1","EAGLES","2","","5","EAGLES","19.00","14.00","4.00","1.00","0.00"
"FLEX","Highest Score","21.80","26.20","34.00","26.00","18.75","31.60","28.20","37.90","29.60","34.40","FLEX","","","BEST OVERALL RECORD","0.643","0.500","0.857","0.357","0.357","0.429","0.286","0.643","0.500","0.429","","","POSITION","QB ","HIGHEST SCORE","2","1","-","2","","","","","95.00","78.25","32.00","18.00"
"D/ST","Average","17.39","18.70","14.03","15.44","15.38","18.09","1.00","18.78","14.86","19.40","D/ST","","","BEST DIVISONAL RECORD","2.000","8.000","1.000","8.000","2.000","6.000","8.000","2.000","2.000","6.000","","","POSITION","QB ","HIGHEST SCORE","3","1","-","2","","","","","","","",""
"D/ST","Highest Score","25.11","39.18","29.87","36.13","37.27","54.64","34.72","27.98","27.20","33.08","D/ST","","","MOST DIVISIONAL / CROSS DIV SWEEPS","2","1","3","0","2","1","0","3","1","1","","","POSITION","QB ","HIGHEST SCORE","1","2","GREEN","1","","","","","","","",""
"K","Average","9.43","8.46","10.68","7.50","10.79","10.04","11.58","9.96","11.82","8.39","K","","","BEST CROSS-DIVISONAL RECORD","3.000","2.000","1.000","5.000","10.000","6.000","6.000","3.000","6.000","6.000","","","POSITION","QB ","HIGHEST SCORE","2","2","-","1","","","Team","","","","",""
"K","Highest Score","17.00","14.00","19.00","14.00","21.00","21.00","23.00","23.00","29.00","19.00","K","","","BEST HOME RECORD","2","5","1","5","5","2","10","5","2","5","","","POSITION","QB ","HIGHEST SCORE","3","2","-","1","","1","GREEN","59.50","","","",""
"HC","Average","11.99","9.49","13.52","4.54","9.42","10.06","9.35","10.37","11.30","9.73","HC","","","BEST AWAY RECORD","3","4","1","8","8","8","5","1","5","5","","","POSITION","QB ","HIGHEST SCORE","1","3","KINGS","0.5","","2","YARDIES","31.25","","","",""
"HC","Highest Score","23.10","25.20","25.50","20.30","24.00","20.30","21.20","27.60","24.00","21.30","HC","","","","","","","","","","","","","","","","POSITION","QB ","HIGHEST SCORE","2","3","-","0.5","","3","DECOUPES","26.00","","","",""
"MVP","Highest Score","58.90","43.70","54.80","39.80","42.50","54.64","38.20","44.40","40.40","50.28","MVP","","","","","","","","","","","","","","","","POSITION","QB ","HIGHEST SCORE","3","3","-","0.5","","4","MUTTS","24.50","","","",""
"TOTAL SCORE","Average","164.44","161.36","179.86","150.68","151.74","165.03","162.46","159.77","164.04","155.40","TOTAL SCORE","","","","","","","","","","","","","","","","POSITION","RB","AVERAGE","1","1","GREEN","5","","5","EAGLES","19.00","","","",""
"TOTAL SCORE","Highest Score","247.45","219.36","216.60","192.42","206.24","232.94","230.16","204.92","234.40","216.31","TOTAL SCORE","","","","","","","","","","","","","","","","POSITION","RB","AVERAGE","2","1","-","5","","6","KINGS","15.00","","","",""
"TOTAL SCORE","Total Thru Season","2302.12","2258.98","2518.06","2109.53","2124.41","2310.37","2274.44","2236.72","2296.58","2175.55","TOTAL SCORE","","","","","","","","","","","","","","","","POSITION","RB","AVERAGE","3","1","-","5","","7","SAVAGES","14.00","","","",""
"Rank","Average","4.23","3.15","3.92","7.92","8.08","5.46","8.00","3.08","2.23","8.92","Rank","","","","","","","","","","","","","","","","POSITION","RB","AVERAGE","1","2","KINGS","2.5","","8","CHAMPS","13.75","","","",""
"","","","","","","","","","","","","","","","","","","","","","","","","","","","","POSITION","RB","AVERAGE","2","2","-","2.5","","9","METAMOOKDAWGS","10.50","","","",""
"OVERALL STATS","","","","","","","","","","","","","","","","","","","","","","","","","","","","POSITION","RB","AVERAGE","3","2","-","2.5","","10","POPEYES","9.75","","","",""
"Categories","","","","","","","","","","","","","","","","","","","","","","","","","","","","POSITION","RB","AVERAGE","1","3","CHAMPS","1.25","","","","","","","",""
"QB","Average","2","8","4","9","3","6","5","10","7","1","","","","","","","","","","","","","","","","","POSITION","RB","AVERAGE","2","3","-","1.25","","","","","","","",""
"QB","Highest Score","9","5","2","10","3","6","7","4","8","1","","","","","","","","","","","","","","","","","POSITION","RB","AVERAGE","3","3","-","1.25","","","","","","","",""
"RB","Average","4","5","1","9","2","3","7","8","6","10","","","","","","","","","","","","","","","","","POSITION","RB","HIGHEST SCORE","1","1","DECOUPES","3","","","","","","","",""
"RB","Highest Score","1","3","2","10","4","7","6","8","5","9","","","","","","","","","","","","","","","","","POSITION","RB","HIGHEST SCORE","2","1","-","3","","","","","","","",""
"WR","Average","6","4","7","1","10","5","2","8","3","9","","","","","","","","","","","","","","","","","POSITION","RB","HIGHEST SCORE","3","1","-","3","","","","","","","",""
"WR","Highest Score","8","5","6","2","10","9","4","7","1","3","","","","","","","","","","","","","","","","","POSITION","RB","HIGHEST SCORE","1","2","GREEN","1.5","","","","","","","",""
"TE","Average","4","8","6","1","7","9","10","2","3","5","","","","","","","","","","","","","","","","","POSITION","RB","HIGHEST SCORE","2","2","-","1.5","","","","","","","",""
"TE","Highest Score","2","6","9","3","4","10","5","1","8","7","","","","","","","","","","","","","","","","","POSITION","RB","HIGHEST SCORE","3","2","-","1.5","","","","","","","",""
"FLEX","Average","8","9","1","7","10","5","6","3","4","2","","","","","","","","","","","","","","","","","POSITION","RB","HIGHEST SCORE","1","3","POPEYES","0.75","","","","","","","",""
"FLEX","Highest Score","9","7","3","8","10","4","6","1","5","2","","","","","","","","","","","","","","","","","POSITION","RB","HIGHEST SCORE","2","3","-","0.75","","","","","","","",""
"D/ST","Average","5","3","9","6","7","4","10","2","8","1","","","","","","","","","","","","","","","","","POSITION","RB","HIGHEST SCORE","3","3","-","0.75","","","","","","","",""
"D/ST","Highest Score","10","2","7","4","3","1","5","8","9","6","","","","","","","","","","","","","","","","","POSITION","WR","AVERAGE","1","1","SAVAGES","6","","","","","","","",""
"K","Average","7","8","4","10","3","5","2","6","1","9","","","","","","","","","","","","","","","","","POSITION","WR","AVERAGE","2","1","-","6","","","","","","","",""
"K","Highest Score","8","9","6","9","4","4","2","2","1","6","","","","","","","","","","","","","","","","","POSITION","WR","AVERAGE","3","1","-","6","","","","","","","",""
"HC","Average","2","7","1","10","8","5","9","4","3","6","","","","","","","","","","","","","","","","","POSITION","WR","AVERAGE","1","2","METAMOOKDAWGS","3","","","","","","","",""
"HC","Highest Score","6","3","2","9","4","9","8","1","4","7","","","","","","","","","","","","","","","","","POSITION","WR","AVERAGE","2","2","-","3","","","","","","","",""
"MVP","Highest Score","1","6","2","9","7","3","10","5","8","4","","","","","","","","","","","","","","","","","POSITION","WR","AVERAGE","3","2","-","3","","","","","","","",""
"TOTAL SCORE","Average","3","6","1","10","9","2","5","7","4","8","","","","","","","","","","","","","","","","","POSITION","WR","AVERAGE","1","3","MUTTS","1.5","","","","","","","",""
"TOTAL SCORE","Highest Score","1","5","6","10","8","3","4","9","2","7","","","","","","","","","","","","","","","","","POSITION","WR","AVERAGE","2","3","-","1.5","","","","","","","",""
"TOTAL SCORE","Total Thru Season","3","6","1","10","9","2","5","7","4","8","","","","","","","","","","","","","","","","","POSITION","WR","AVERAGE","3","3","-","1.5","","","","","","","",""
"ALL STAR PLAYERS","Most","10","6","1","3","3","8","3","2","6","8","","","","","","","","","","","","","","","","","POSITION","WR","HIGHEST SCORE","1","1","MUTTS","4","","","","","","","",""
"MOST TRADES","Most","1","2","2","5","5","2","5","5","5","5","","","","","","","","","","","","","","","","","POSITION","WR","HIGHEST SCORE","2","1","-","4","","","","","","","",""
"WAIVER WIRE","Most","1","2","6","5","9","4","10","3","6","8","","","","","","","","","","","","","","","","","POSITION","WR","HIGHEST SCORE","3","1","-","4","","","","","","","",""
"RANK CHANGE","BEST","4","8","3","9","4","6","9","1","2","6","","","","","","","","","","","","","","","","","POSITION","WR","HIGHEST SCORE","1","2","SAVAGES","2","","","","","","","",""
"MOTW RECORD","BEST","6","3","2","6","9","5","9","1","4","8","","","","","","","","","","","","","","","","","POSITION","WR","HIGHEST SCORE","2","2","-","2","","","","","","","",""
"MOST BLOWOUTS","MOST","3","5","1","5","1","4","5","5","10","5","","","","","","","","","","","","","","","","","POSITION","WR","HIGHEST SCORE","3","2","-","2","","","","","","","",""
"MOST UPSETS","MOST","3","6","6","5","1","6","3","10","6","1","","","","","","","","","","","","","","","","","POSITION","WR","HIGHEST SCORE","1","3","EAGLES","1","","","","","","","",""
"BEST OVERALL RECORD","BEST","2","4","1","8","8","6","10","2","4","6","","","","","","","","","","","","","","","","","POSITION","WR","HIGHEST SCORE","2","3","-","1","","","","","","","",""
"BEST OVERALL RECORD - P","BEST","2","3","1","4","4","","","","","","","","","","","","","","","","","","","","","","POSITION","WR","HIGHEST SCORE","3","3","-","1","","","","","","","",""
"BEST OVERALL RECORD - E","BEST","","","","","","3","5","1","2","3","","","","","","","","","","","","","","","","","POSITION","TE","AVERAGE","1","1","SAVAGES","4","","","","","","","",""
"BEST DIVISIONAL RECORD","BEST","2","8","1","8","2","6","8","2","2","6","","","","","","","","","","","","","","","","","POSITION","TE","AVERAGE","2","1","-","4","","","","","","","",""
"BEST DIVISIONAL RECORD - P","BEST","2","4","1","4","2","","","","","","","","","","","","","","","","","","","","","","POSITION","TE","AVERAGE","3","1","-","4","","","","","","","",""
"BEST DIVISIONAL RECORD - E","BEST","","","","","","3","5","1","1","3","","","","","","","","","","","","","","","","","POSITION","TE","AVERAGE","1","2","YARDIES","2","","","","","","","",""
"MOST DIVISIONAL SWEEPS","BEST","3","5","1","9","3","5","9","1","5","5","","","","","","","","","","","","","","","","","POSITION","TE","AVERAGE","2","2","-","2","","","","","","","",""
"MOST DIVISIONAL SWEEPS - P","BEST","2","4","1","5","2","","","","","","","","","","","","","","","","","","","","","","POSITION","TE","AVERAGE","3","2","-","2","","","","","","","",""
"MOST DIVISIONAL SWEEPS - E","BEST","","","","","","2","5","1","2","2","","","","","","","","","","","","","","","","","POSITION","TE","AVERAGE","1","3","MUTTS","1","","","","","","","",""
"BEST CROSS DIVISIONAL RECORD","BEST","3","2","1","5","10","6","6","3","6","6","","","","","","","","","","","","","","","","","POSITION","TE","AVERAGE","2","3","-","1","","","","","","","",""
"BEST CROSS DIVISIONAL RECORD - P","BEST","3","2","1","4","5","","","","","","","","","","","","","","","","","","","","","","POSITION","TE","AVERAGE","3","3","-","1","","","","","","","",""
"BEST CROSS DIVISIONAL RECORD - E","BEST","","","","","","2","2","1","2","2","","","","","","","","","","","","","","","","","POSITION","TE","HIGHEST SCORE","1","1","YARDIES","2","","","","","","","",""
"LONGEST WIN STREAK","BEST","","2","1","6","6","6","6","6","4","4","","","","","","","","","","","","","","","","","POSITION","TE","HIGHEST SCORE","2","1","-","2","","","","","","","",""
"LONGEST WIN STREAK - P","BEST","2","2","1","4","4","","","","","","","","","","","","","","","","","","","","","","POSITION","TE","HIGHEST SCORE","3","1","-","2","","","","","","","",""
"LONGEST WIN STREAK - E","BEST","","","","","","3","3","3","1","1","","","","","","","","","","","","","","","","","POSITION","TE","HIGHEST SCORE","1","2","DECOUPES","1","","","","","","","",""
"BEST HOME RECORD","BEST","2","5","1","5","5","2","10","5","2","5","","","","","","","","","","","","","","","","","POSITION","TE","HIGHEST SCORE","2","2","-","1","","","","","","","",""
"BEST HOME RECORD - P","BEST","2","3","1","3","3","","","","","","","","","","","","","","","","","","","","","","POSITION","TE","HIGHEST SCORE","3","2","-","1","","","","","","","",""
"BEST HOME RECORD - E","BEST","","","","","","1","5","3","1","3","","","","","","","","","","","","","","","","","POSITION","TE","HIGHEST SCORE","1","3","SAVAGES","0.5","","","","","","","",""
"BEST AWAY RECORD","BEST","3","4","1","8","8","8","5","1","5","5","","","","","","","","","","","","","","","","","POSITION","TE","HIGHEST SCORE","2","3","-","0.5","","","","","","","",""
"BEST HOME RECORD - P","BEST","2","3","1","4","4","","","","","","","","","","","","","","","","","","","","","","POSITION","TE","HIGHEST SCORE","3","3","-","0.5","","","","","","","",""
"BEST HOME RECORD - E","BEST","","","","","","5","2","1","2","2","","","","","","","","","","","","","","","","","POSITION","FLEX","AVERAGE","1","1","GREEN","4","","","","","","","",""
"","","","","","","","","","","","","","","","","","","","","","","","","","","","","POSITION","FLEX","AVERAGE","2","1","-","4","","","","","","","",""
"","","","","","","","","","","","","","","","","","","","","","","","","","","","","POSITION","FLEX","AVERAGE","3","1","-","4","","","","","","","",""
"","","","","","","","","","","","","","","","","","","","","","","","","","","","","POSITION","FLEX","AVERAGE","1","2","EAGLES","2","","","","","","","",""
"","","","","","","","","","","","","","","","","","","","","","","","","","","","","POSITION","FLEX","AVERAGE","2","2","-","2","","","","","","","",""
"","","","","","","","","","","","","","","","","","","","","","","","","","","","","POSITION","FLEX","AVERAGE","3","2","-","2","","","","","","","",""
"","","","","","","","","","","","","","","","","","","","","","","","","","","","","POSITION","FLEX","AVERAGE","1","3","YARDIES","1","","","","","","","",""
"","","","","","","","","","","","","","","","","","","","","","","","","","","","","POSITION","FLEX","AVERAGE","2","3","-","1","","","","","","","",""
"","","","","","","","","","","","","","","","","","","","","","","","","","","","","POSITION","FLEX","AVERAGE","3","3","-","1","","","","","","","",""
"","","","","","","","","","","","","","","","","","","","","","","","","","","","","POSITION","FLEX","HIGHEST SCORE","1","1","YARDIES","2","","","","","","","",""
"","","","","","","","","","","","","","","","","","","","","","","","","","","","","POSITION","FLEX","HIGHEST SCORE","2","1","-","2","","","","","","","",""
"","","","","","","","","","","","","","","","","","","","","","","","","","","","","POSITION","FLEX","HIGHEST SCORE","3","1","-","2","","","","","","","",""
"","","","","","","","","","","","","","","","","","","","","","","","","","","","","POSITION","FLEX","HIGHEST SCORE","1","2","EAGLES","1","","","","","","","",""
"","","","","","","","","","","","","","","","","","","","","","","","","","","","","POSITION","FLEX","HIGHEST SCORE","2","2","-","1","","","","","","","",""
"","","","","","","","","","","","","","","","","","","","","","","","","","","","","POSITION","FLEX","HIGHEST SCORE","3","2","-","1","","","","","","","",""
"","","","","","","","","","","","","","","","","","","","","","","","","","","","","POSITION","FLEX","HIGHEST SCORE","1","3","GREEN","0.5","","","","","","","",""
"","","","","","","","","","","","","","","","","","","","","","","","","","","","","POSITION","FLEX","HIGHEST SCORE","2","3","-","0.5","","","","","","","",""
"","","","","","","","","","","","","","","","","","","","","","","","","","","","","POSITION","FLEX","HIGHEST SCORE","3","3","-","0.5","","","","","","","",""
"","","","","","","","","","","","","","","","","","","","","","","","","","","","","POSITION","D/ST","AVERAGE","1","1","EAGLES","4","","","","","","","",""
"","","","","","","","","","","","","","","","","","","","","","","","","","","","","POSITION","D/ST","AVERAGE","2","1","-","4","","","","","","","",""
"","","","","","","","","","","","","","","","","","","","","","","","","","","","","POSITION","D/ST","AVERAGE","3","1","-","4","","","","","","","",""
"","","","","","","","","","","","","","","","","","","","","","","","","","","","","POSITION","D/ST","AVERAGE","1","2","YARDIES","2","","","","","","","",""
"","","","","","","","","","","","","","","","","","","","","","","","","","","","","POSITION","D/ST","AVERAGE","2","2","-","2","","","","","","","",""
"","","","","","","","","","","","","","","","","","","","","","","","","","","","","POSITION","D/ST","AVERAGE","3","2","-","2","","","","","","","",""
"","","","","","","","","","","","","","","","","","","","","","","","","","","","","POSITION","D/ST","AVERAGE","1","3","POPEYES","1","","","","","","","",""
"","","","","","","","","","","","","","","","","","","","","","","","","","","","","POSITION","D/ST","AVERAGE","2","3","-","1","","","","","","","",""
"","","","","","","","","","","","","","","","","","","","","","","","","","","","","POSITION","D/ST","AVERAGE","3","3","-","1","","","","","","","",""
"","","","","","","","","","","","","","","","","","","","","","","","","","","","","POSITION","D/ST","HIGHEST SCORE","1","1","CHAMPS","2","","","","","","","",""
"","","","","","","","","","","","","","","","","","","","","","","","","","","","","POSITION","D/ST","HIGHEST SCORE","2","1","-","2","","","","","","","",""
"","","","","","","","","","","","","","","","","","","","","","","","","","","","","POSITION","D/ST","HIGHEST SCORE","3","1","-","2","","","","","","","",""
"","","","","","","","","","","","","","","","","","","","","","","","","","","","","POSITION","D/ST","HIGHEST SCORE","1","2","POPEYES","1","","","","","","","",""
"","","","","","","","","","","","","","","","","","","","","","","","","","","","","POSITION","D/ST","HIGHEST SCORE","2","2","-","1","","","","","","","",""
"","","","","","","","","","","","","","","","","","","","","","","","","","","","","POSITION","D/ST","HIGHEST SCORE","3","2","-","1","","","","","","","",""
"","","","","","","","","","","","","","","","","","","","","","","","","","","","","POSITION","D/ST","HIGHEST SCORE","1","3","KINGS","0.5","","","","","","","",""
"","","","","","","","","","","","","","","","","","","","","","","","","","","","","POSITION","D/ST","HIGHEST SCORE","2","3","-","0.5","","","","","","","",""
"","","","","","","","","","","","","","","","","","","","","","","","","","","","","POSITION","D/ST","HIGHEST SCORE","3","3","-","0.5","","","","","","","",""
"","","","","","","","","","","","","","","","","","","","","","","","","","","","","POSITION","K","AVERAGE","1","1","MUTTS","4","","","","","","","",""
"","","","","","","","","","","","","","","","","","","","","","","","","","","","","POSITION","K","AVERAGE","2","1","-","4","","","","","","","",""
"","","","","","","","","","","","","","","","","","","","","","","","","","","","","POSITION","K","AVERAGE","3","1","-","4","","","","","","","",""
"","","","","","","","","","","","","","","","","","","","","","","","","","","","","POSITION","K","AVERAGE","1","2","METAMOOKDAWGS","2","","","","","","","",""
"","","","","","","","","","","","","","","","","","","","","","","","","","","","","POSITION","K","AVERAGE","2","2","-","2","","","","","","","",""
"","","","","","","","","","","","","","","","","","","","","","","","","","","","","POSITION","K","AVERAGE","3","2","-","2","","","","","","","",""
"","","","","","","","","","","","","","","","","","","","","","","","","","","","","POSITION","K","AVERAGE","1","3","KINGS","1","","","","","","","",""
"","","","","","","","","","","","","","","","","","","","","","","","","","","","","POSITION","K","AVERAGE","2","3","-","1","","","","","","","",""
"","","","","","","","","","","","","","","","","","","","","","","","","","","","","POSITION","K","AVERAGE","3","3","-","1","","","","","","","",""
"","","","","","","","","","","","","","","","","","","","","","","","","","","","","POSITION","K","HIGHEST SCORE","1","1","MUTTS","2","","","","","","","",""
"","","","","","","","","","","","","","","","","","","","","","","","","","","","","POSITION","K","HIGHEST SCORE","2","1","-","2","","","","","","","",""
"","","","","","","","","","","","","","","","","","","","","","","","","","","","","POSITION","K","HIGHEST SCORE","3","1","-","2","","","","","","","",""
"","","","","","","","","","","","","","","","","","","","","","","","","","","","","POSITION","K","HIGHEST SCORE","1","2","METAMOOKDAWGS","1","","","","","","","",""
"","","","","","","","","","","","","","","","","","","","","","","","","","","","","POSITION","K","HIGHEST SCORE","2","2","YARDIES","1","","","","","","","",""
"","","","","","","","","","","","","","","","","","","","","","","","","","","","","POSITION","K","HIGHEST SCORE","3","2","-","1","","","","","","","",""
"","","","","","","","","","","","","","","","","","","","","","","","","","","","","POSITION","K","HIGHEST SCORE","1","3","-","0.5","","","","","","","",""
"","","","","","","","","","","","","","","","","","","","","","","","","","","","","POSITION","K","HIGHEST SCORE","2","3","-","0.5","","","","","","","",""
"","","","","","","","","","","","","","","","","","","","","","","","","","","","","POSITION","K","HIGHEST SCORE","3","3","-","0.5","","","","","","","",""
"","","","","","","","","","","","","","","","","","","","","","","","","","","","","POSITION","HC","AVERAGE","1","1","GREEN","4","","","","","","","",""
"","","","","","","","","","","","","","","","","","","","","","","","","","","","","POSITION","HC","AVERAGE","2","1","-","4","","","","","","","",""
"","","","","","","","","","","","","","","","","","","","","","","","","","","","","POSITION","HC","AVERAGE","3","1","-","4","","","","","","","",""
"","","","","","","","","","","","","","","","","","","","","","","","","","","","","POSITION","HC","AVERAGE","1","2","DECOUPES","2","","","","","","","",""
"","","","","","","","","","","","","","","","","","","","","","","","","","","","","POSITION","HC","AVERAGE","2","2","-","2","","","","","","","",""
"","","","","","","","","","","","","","","","","","","","","","","","","","","","","POSITION","HC","AVERAGE","3","2","-","2","","","","","","","",""
"","","","","","","","","","","","","","","","","","","","","","","","","","","","","POSITION","HC","AVERAGE","1","3","MUTTS","1","","","","","","","",""
"","","","","","","","","","","","","","","","","","","","","","","","","","","","","POSITION","HC","AVERAGE","2","3","-","1","","","","","","","",""
"","","","","","","","","","","","","","","","","","","","","","","","","","","","","POSITION","HC","AVERAGE","3","3","-","1","","","","","","","",""
"","","","","","","","","","","","","","","","","","","","","","","","","","","","","POSITION","HC","HIGHEST SCORE","1","1","YARDIES","2","","","","","","","",""
"","","","","","","","","","","","","","","","","","","","","","","","","","","","","POSITION","HC","HIGHEST SCORE","2","1","-","2","","","","","","","",""
"","","","","","","","","","","","","","","","","","","","","","","","","","","","","POSITION","HC","HIGHEST SCORE","3","1","-","2","","","","","","","",""
"","","","","","","","","","","","","","","","","","","","","","","","","","","","","POSITION","HC","HIGHEST SCORE","1","2","GREEN","1","","","","","","","",""
"","","","","","","","","","","","","","","","","","","","","","","","","","","","","POSITION","HC","HIGHEST SCORE","2","2","-","1","","","","","","","",""
"","","","","","","","","","","","","","","","","","","","","","","","","","","","","POSITION","HC","HIGHEST SCORE","3","2","-","1","","","","","","","",""
"","","","","","","","","","","","","","","","","","","","","","","","","","","","","POSITION","HC","HIGHEST SCORE","1","3","POPEYES","0.5","","","","","","","",""
"","","","","","","","","","","","","","","","","","","","","","","","","","","","","POSITION","HC","HIGHEST SCORE","2","3","-","0.5","","","","","","","",""
"","","","","","","","","","","","","","","","","","","","","","","","","","","","","POSITION","HC","HIGHEST SCORE","3","3","-","0.5","","","","","","","",""
"","","","","","","","","","","","","","","","","","","","","","","","","","","","","ACHIEVEMENT","MVP","HIGHEST SCORE","1","1","DECOUPES","4","","","","","","","",""
"","","","","","","","","","","","","","","","","","","","","","","","","","","","","ACHIEVEMENT","MVP","HIGHEST SCORE","2","1","-","4","","","","","","","",""
"","","","","","","","","","","","","","","","","","","","","","","","","","","","","ACHIEVEMENT","MVP","HIGHEST SCORE","3","1","-","4","","","","","","","",""
"","","","","","","","","","","","","","","","","","","","","","","","","","","","","ACHIEVEMENT","MVP","HIGHEST SCORE","1","2","GREEN","2","","","","","","","",""
"","","","","","","","","","","","","","","","","","","","","","","","","","","","","ACHIEVEMENT","MVP","HIGHEST SCORE","2","2","-","2","","","","","","","",""
"","","","","","","","","","","","","","","","","","","","","","","","","","","","","ACHIEVEMENT","MVP","HIGHEST SCORE","3","2","-","2","","","","","","","",""
"","","","","","","","","","","","","","","","","","","","","","","","","","","","","ACHIEVEMENT","MVP","HIGHEST SCORE","1","3","CHAMPS","1","","","","","","","",""
"","","","","","","","","","","","","","","","","","","","","","","","","","","","","ACHIEVEMENT","MVP","HIGHEST SCORE","2","3","-","1","","","","","","","",""
"","","","","","","","","","","","","","","","","","","","","","","","","","","","","ACHIEVEMENT","MVP","HIGHEST SCORE","3","3","-","1","","","","","","","",""
"","","","","","","","","","","","","","","","","","","","","","","","","","","","","ACHIEVEMENT","TOTAL SCORE","AVERAGE","1","1","GREEN","8","","","","","","","",""
"","","","","","","","","","","","","","","","","","","","","","","","","","","","","ACHIEVEMENT","TOTAL SCORE","AVERAGE","2","1","-","8","","","","","","","",""
"","","","","","","","","","","","","","","","","","","","","","","","","","","","","ACHIEVEMENT","TOTAL SCORE","AVERAGE","3","1","-","8","","","","","","","",""
"","","","","","","","","","","","","","","","","","","","","","","","","","","","","ACHIEVEMENT","TOTAL SCORE","AVERAGE","1","2","CHAMPS","4","","","","","","","",""
"","","","","","","","","","","","","","","","","","","","","","","","","","","","","ACHIEVEMENT","TOTAL SCORE","AVERAGE","2","2","-","4","","","","","","","",""
"","","","","","","","","","","","","","","","","","","","","","","","","","","","","ACHIEVEMENT","TOTAL SCORE","AVERAGE","3","2","-","4","","","","","","","",""
"","","","","","","","","","","","","","","","","","","","","","","","","","","","","ACHIEVEMENT","TOTAL SCORE","AVERAGE","1","3","DECOUPES","2","","","","","","","",""
"","","","","","","","","","","","","","","","","","","","","","","","","","","","","ACHIEVEMENT","TOTAL SCORE","AVERAGE","2","3","-","2","","","","","","","",""
"","","","","","","","","","","","","","","","","","","","","","","","","","","","","ACHIEVEMENT","TOTAL SCORE","AVERAGE","3","3","-","2","","","","","","","",""
"","","","","","","","","","","","","","","","","","","","","","","","","","","","","ACHIEVEMENT","TOTAL SCORE","HIGHEST SCORE","1","1","DECOUPES","6","","","","","","","",""
"","","","","","","","","","","","","","","","","","","","","","","","","","","","","ACHIEVEMENT","TOTAL SCORE","HIGHEST SCORE","2","1","-","6","","","","","","","",""
"","","","","","","","","","","","","","","","","","","","","","","","","","","","","ACHIEVEMENT","TOTAL SCORE","HIGHEST SCORE","3","1","-","6","","","","","","","",""
"","","","","","","","","","","","","","","","","","","","","","","","","","","","","ACHIEVEMENT","TOTAL SCORE","HIGHEST SCORE","1","2","MUTTS","3","","","","","","","",""
"","","","","","","","","","","","","","","","","","","","","","","","","","","","","ACHIEVEMENT","TOTAL SCORE","HIGHEST SCORE","2","2","-","3","","","","","","","",""
"","","","","","","","","","","","","","","","","","","","","","","","","","","","","ACHIEVEMENT","TOTAL SCORE","HIGHEST SCORE","3","2","-","3","","","","","","","",""
"","","","","","","","","","","","","","","","","","","","","","","","","","","","","ACHIEVEMENT","TOTAL SCORE","HIGHEST SCORE","1","3","CHAMPS","1.5","","","","","","","",""
"","","","","","","","","","","","","","","","","","","","","","","","","","","","","ACHIEVEMENT","TOTAL SCORE","HIGHEST SCORE","2","3","-","1.5","","","","","","","",""
"","","","","","","","","","","","","","","","","","","","","","","","","","","","","ACHIEVEMENT","TOTAL SCORE","HIGHEST SCORE","3","3","-","1.5","","","","","","","",""
"","","","","","","","","","","","","","","","","","","","","","","","","","","","","ACHIEVEMENT","ALL STARS ","MOST","1","1","GREEN","6","","","","","","","",""
"","","","","","","","","","","","","","","","","","","","","","","","","","","","","ACHIEVEMENT","ALL STARS ","MOST","2","1","-","6","","","","","","","",""
"","","","","","","","","","","","","","","","","","","","","","","","","","","","","ACHIEVEMENT","ALL STARS ","MOST","3","1","-","6","","","","","","","",""
"","","","","","","","","","","","","","","","","","","","","","","","","","","","","ACHIEVEMENT","ALL STARS ","MOST","1","2","YARDIES","3","","","","","","","",""
"","","","","","","","","","","","","","","","","","","","","","","","","","","","","ACHIEVEMENT","ALL STARS ","MOST","2","2","-","3","","","","","","","",""
"","","","","","","","","","","","","","","","","","","","","","","","","","","","","ACHIEVEMENT","ALL STARS ","MOST","3","2","-","3","","","","","","","",""
"","","","","","","","","","","","","","","","","","","","","","","","","","","","","ACHIEVEMENT","ALL STARS ","MOST","1","3","SAVAGES","1.5","","","","","","","",""
"","","","","","","","","","","","","","","","","","","","","","","","","","","","","ACHIEVEMENT","ALL STARS ","MOST","2","3","KINGS","1.5","","","","","","","",""
"","","","","","","","","","","","","","","","","","","","","","","","","","","","","ACHIEVEMENT","ALL STARS ","MOST","3","3","METAMOOKDAWGS","1","","","","","","","",""
"","","","","","","","","","","","","","","","","","","","","","","","","","","","","ACHIEVEMENT","MOST TRADES","MOST","1","1","DECOUPES","1","","","","","","","",""
"","","","","","","","","","","","","","","","","","","","","","","","","","","","","ACHIEVEMENT","MOST TRADES","MOST","2","1","-","1","","","","","","","",""
"","","","","","","","","","","","","","","","","","","","","","","","","","","","","ACHIEVEMENT","MOST TRADES","MOST","3","1","-","1","","","","","","","",""
"","","","","","","","","","","","","","","","","","","","","","","","","","","","","ACHIEVEMENT","MOST TRADES","MOST","1","2","POPEYES","0.5","","","","","","","",""
"","","","","","","","","","","","","","","","","","","","","","","","","","","","","ACHIEVEMENT","MOST TRADES","MOST","2","2","GREEN","0.5","","","","","","","",""
"","","","","","","","","","","","","","","","","","","","","","","","","","","","","ACHIEVEMENT","MOST TRADES","MOST","3","2","CHAMPS","0.5","","","","","","","",""
"","","","","","","","","","","","","","","","","","","","","","","","","","","","","ACHIEVEMENT","MOST TRADES","MOST","1","3","-","0.25","","","","","","","",""
"","","","","","","","","","","","","","","","","","","","","","","","","","","","","ACHIEVEMENT","MOST TRADES","MOST","2","3","-","0.25","","","","","","","",""
"","","","","","","","","","","","","","","","","","","","","","","","","","","","","ACHIEVEMENT","MOST TRADES","MOST","3","3","-","0.25","","","","","","","",""
"","","","","","","","","","","","","","","","","","","","","","","","","","","","","ACHIEVEMENT","WAIVER WIRE","MOST","1","1","DECOUPES","1","","","","","","","",""
"","","","","","","","","","","","","","","","","","","","","","","","","","","","","ACHIEVEMENT","WAIVER WIRE","MOST","2","1","-","1","","","","","","","",""
"","","","","","","","","","","","","","","","","","","","","","","","","","","","","ACHIEVEMENT","WAIVER WIRE","MOST","3","1","-","1","","","","","","","",""
"","","","","","","","","","","","","","","","","","","","","","","","","","","","","ACHIEVEMENT","WAIVER WIRE","MOST","1","2","POPEYES","0.5","","","","","","","",""
"","","","","","","","","","","","","","","","","","","","","","","","","","","","","ACHIEVEMENT","WAIVER WIRE","MOST","2","2","-","0.5","","","","","","","",""
"","","","","","","","","","","","","","","","","","","","","","","","","","","","","ACHIEVEMENT","WAIVER WIRE","MOST","3","2","-","0.5","","","","","","","",""
"","","","","","","","","","","","","","","","","","","","","","","","","","","","","ACHIEVEMENT","WAIVER WIRE","MOST","1","3","YARDIES","0.25","","","","","","","",""
"","","","","","","","","","","","","","","","","","","","","","","","","","","","","ACHIEVEMENT","WAIVER WIRE","MOST","2","3","-","0.25","","","","","","","",""
"","","","","","","","","","","","","","","","","","","","","","","","","","","","","ACHIEVEMENT","WAIVER WIRE","MOST","3","3","-","0.25","","","","","","","",""
"","","","","","","","","","","","","","","","","","","","","","","","","","","","","ACHIEVEMENT","MOTW RECORD","BEST","1","1","YARDIES","6","","","","","","","",""
"","","","","","","","","","","","","","","","","","","","","","","","","","","","","ACHIEVEMENT","MOTW RECORD","BEST","2","1","-","6","","","","","","","",""
"","","","","","","","","","","","","","","","","","","","","","","","","","","","","ACHIEVEMENT","MOTW RECORD","BEST","3","1","-","6","","","","","","","",""
"","","","","","","","","","","","","","","","","","","","","","","","","","","","","ACHIEVEMENT","MOTW RECORD","BEST","1","2","GREEN","3","","","","","","","",""
"","","","","","","","","","","","","","","","","","","","","","","","","","","","","ACHIEVEMENT","MOTW RECORD","BEST","2","2","-","3","","","","","","","",""
"","","","","","","","","","","","","","","","","","","","","","","","","","","","","ACHIEVEMENT","MOTW RECORD","BEST","3","2","-","3","","","","","","","",""
"","","","","","","","","","","","","","","","","","","","","","","","","","","","","ACHIEVEMENT","MOTW RECORD","BEST","1","3","POPEYES","1.5","","","","","","","",""
"","","","","","","","","","","","","","","","","","","","","","","","","","","","","ACHIEVEMENT","MOTW RECORD","BEST","2","3","-","1.5","","","","","","","",""
"","","","","","","","","","","","","","","","","","","","","","","","","","","","","ACHIEVEMENT","MOTW RECORD","BEST","3","3","-","1.5","","","","","","","",""
"","","","","","","","","","","","","","","","","","","","","","","","","","","","","ACHIEVEMENT","MOST BLOWOUTS","MOST","1","1","GREEN","4","","","","","","","",""
"","","","","","","","","","","","","","","","","","","","","","","","","","","","","ACHIEVEMENT","MOST BLOWOUTS","MOST","2","1","KINGS","4","","","","","","","",""
"","","","","","","","","","","","","","","","","","","","","","","","","","","","","ACHIEVEMENT","MOST BLOWOUTS","MOST","3","1","-","4","","","","","","","",""
"","","","","","","","","","","","","","","","","","","","","","","","","","","","","ACHIEVEMENT","MOST BLOWOUTS","MOST","4","1","-","4","","","","","","","",""
"","","","","","","","","","","","","","","","","","","","","","","","","","","","","ACHIEVEMENT","MOST BLOWOUTS","MOST","5","1","-","4","","","","","","","",""
"","","","","","","","","","","","","","","","","","","","","","","","","","","","","ACHIEVEMENT","MOST BLOWOUTS","MOST","6","1","-","4","","","","","","","",""
"","","","","","","","","","","","","","","","","","","","","","","","","","","","","ACHIEVEMENT","MOST BLOWOUTS","MOST","7","1","-","4","","","","","","","",""
"","","","","","","","","","","","","","","","","","","","","","","","","","","","","ACHIEVEMENT","MOST BLOWOUTS","MOST","8","1","-","4","","","","","","","",""
"","","","","","","","","","","","","","","","","","","","","","","","","","","","","ACHIEVEMENT","MOST BLOWOUTS","MOST","9","1","-","4","","","","","","","",""
"","","","","","","","","","","","","","","","","","","","","","","","","","","","","ACHIEVEMENT","MOST BLOWOUTS","MOST","10","1","-","4","","","","","","","",""
"","","","","","","","","","","","","","","","","","","","","","","","","","","","","ACHIEVEMENT","MOST BLOWOUTS","MOST","1","2","-","2","","","","","","","",""
"","","","","","","","","","","","","","","","","","","","","","","","","","","","","ACHIEVEMENT","MOST BLOWOUTS","MOST","2","2","-","2","","","","","","","",""
"","","","","","","","","","","","","","","","","","","","","","","","","","","","","ACHIEVEMENT","MOST BLOWOUTS","MOST","3","2","-","2","","","","","","","",""
"","","","","","","","","","","","","","","","","","","","","","","","","","","","","ACHIEVEMENT","MOST BLOWOUTS","MOST","4","2","-","2","","","","","","","",""
"","","","","","","","","","","","","","","","","","","","","","","","","","","","","ACHIEVEMENT","MOST BLOWOUTS","MOST","5","2","-","2","","","","","","","",""
"","","","","","","","","","","","","","","","","","","","","","","","","","","","","ACHIEVEMENT","MOST BLOWOUTS","MOST","6","2","-","2","","","","","","","",""
"","","","","","","","","","","","","","","","","","","","","","","","","","","","","ACHIEVEMENT","MOST BLOWOUTS","MOST","7","2","-","2","","","","","","","",""
"","","","","","","","","","","","","","","","","","","","","","","","","","","","","ACHIEVEMENT","MOST BLOWOUTS","MOST","8","2","-","2","","","","","","","",""
"","","","","","","","","","","","","","","","","","","","","","","","","","","","","ACHIEVEMENT","MOST BLOWOUTS","MOST","9","2","-","2","","","","","","","",""
"","","","","","","","","","","","","","","","","","","","","","","","","","","","","ACHIEVEMENT","MOST BLOWOUTS","MOST","10","2","-","2","","","","","","","",""
"","","","","","","","","","","","","","","","","","","","","","","","","","","","","ACHIEVEMENT","MOST BLOWOUTS","MOST","1","3","DECOUPES","1","","","","","","","",""
"","","","","","","","","","","","","","","","","","","","","","","","","","","","","ACHIEVEMENT","MOST BLOWOUTS","MOST","2","3","-","1","","","","","","","",""
"","","","","","","","","","","","","","","","","","","","","","","","","","","","","ACHIEVEMENT","MOST BLOWOUTS","MOST","3","3","-","1","","","","","","","",""
"","","","","","","","","","","","","","","","","","","","","","","","","","","","","ACHIEVEMENT","MOST BLOWOUTS","MOST","4","3","-","1","","","","","","","",""
"","","","","","","","","","","","","","","","","","","","","","","","","","","","","ACHIEVEMENT","MOST BLOWOUTS","MOST","5","3","-","1","","","","","","","",""
"","","","","","","","","","","","","","","","","","","","","","","","","","","","","ACHIEVEMENT","MOST BLOWOUTS","MOST","6","3","-","1","","","","","","","",""
"","","","","","","","","","","","","","","","","","","","","","","","","","","","","ACHIEVEMENT","MOST BLOWOUTS","MOST","7","3","-","1","","","","","","","",""
"","","","","","","","","","","","","","","","","","","","","","","","","","","","","ACHIEVEMENT","MOST BLOWOUTS","MOST","8","3","-","1","","","","","","","",""
"","","","","","","","","","","","","","","","","","","","","","","","","","","","","ACHIEVEMENT","MOST BLOWOUTS","MOST","9","3","-","1","","","","","","","",""
"","","","","","","","","","","","","","","","","","","","","","","","","","","","","ACHIEVEMENT","MOST BLOWOUTS","MOST","10","3","-","1","","","","","","","",""
"","","","","","","","","","","","","","","","","","","","","","","","","","","","","ACHIEVEMENT","MOST UPSETS","MOST","1","1","KINGS","4","","","","","","","",""
"","","","","","","","","","","","","","","","","","","","","","","","","","","","","ACHIEVEMENT","MOST UPSETS","MOST","2","1","EAGLES","4","","","","","","","",""
"","","","","","","","","","","","","","","","","","","","","","","","","","","","","ACHIEVEMENT","MOST UPSETS","MOST","3","1","-","4","","","","","","","",""
"","","","","","","","","","","","","","","","","","","","","","","","","","","","","ACHIEVEMENT","MOST UPSETS","MOST","4","1","-","4","","","","","","","",""
"","","","","","","","","","","","","","","","","","","","","","","","","","","","","ACHIEVEMENT","MOST UPSETS","MOST","5","1","-","4","","","","","","","",""
"","","","","","","","","","","","","","","","","","","","","","","","","","","","","ACHIEVEMENT","MOST UPSETS","MOST","6","1","-","4","","","","","","","",""
"","","","","","","","","","","","","","","","","","","","","","","","","","","","","ACHIEVEMENT","MOST UPSETS","MOST","7","1","-","4","","","","","","","",""
"","","","","","","","","","","","","","","","","","","","","","","","","","","","","ACHIEVEMENT","MOST UPSETS","MOST","8","1","-","4","","","","","","","",""
"","","","","","","","","","","","","","","","","","","","","","","","","","","","","ACHIEVEMENT","MOST UPSETS","MOST","9","1","-","4","","","","","","","",""
"","","","","","","","","","","","","","","","","","","","","","","","","","","","","ACHIEVEMENT","MOST UPSETS","MOST","10","1","-","4","","","","","","","",""
"","","","","","","","","","","","","","","","","","","","","","","","","","","","","ACHIEVEMENT","MOST UPSETS","MOST","1","2","-","2","","","","","","","",""
"","","","","","","","","","","","","","","","","","","","","","","","","","","","","ACHIEVEMENT","MOST UPSETS","MOST","2","2","-","2","","","","","","","",""
"","","","","","","","","","","","","","","","","","","","","","","","","","","","","ACHIEVEMENT","MOST UPSETS","MOST","3","2","-","2","","","","","","","",""
"","","","","","","","","","","","","","","","","","","","","","","","","","","","","ACHIEVEMENT","MOST UPSETS","MOST","4","2","-","2","","","","","","","",""
"","","","","","","","","","","","","","","","","","","","","","","","","","","","","ACHIEVEMENT","MOST UPSETS","MOST","5","2","-","2","","","","","","","",""
"","","","","","","","","","","","","","","","","","","","","","","","","","","","","ACHIEVEMENT","MOST UPSETS","MOST","6","2","-","2","","","","","","","",""
"","","","","","","","","","","","","","","","","","","","","","","","","","","","","ACHIEVEMENT","MOST UPSETS","MOST","7","2","-","2","","","","","","","",""
"","","","","","","","","","","","","","","","","","","","","","","","","","","","","ACHIEVEMENT","MOST UPSETS","MOST","8","2","-","2","","","","","","","",""
"","","","","","","","","","","","","","","","","","","","","","","","","","","","","ACHIEVEMENT","MOST UPSETS","MOST","9","2","-","2","","","","","","","",""
"","","","","","","","","","","","","","","","","","","","","","","","","","","","","ACHIEVEMENT","MOST UPSETS","MOST","10","2","-","2","","","","","","","",""
"","","","","","","","","","","","","","","","","","","","","","","","","","","","","ACHIEVEMENT","MOST UPSETS","MOST","1","3","DECOUPES","1","","","","","","","",""
"","","","","","","","","","","","","","","","","","","","","","","","","","","","","ACHIEVEMENT","MOST UPSETS","MOST","2","3","METAMOOKDAWGS","1","","","","","","","",""
"","","","","","","","","","","","","","","","","","","","","","","","","","","","","ACHIEVEMENT","MOST UPSETS","MOST","3","3","-","1","","","","","","","",""
"","","","","","","","","","","","","","","","","","","","","","","","","","","","","ACHIEVEMENT","MOST UPSETS","MOST","4","3","-","1","","","","","","","",""
"","","","","","","","","","","","","","","","","","","","","","","","","","","","","ACHIEVEMENT","MOST UPSETS","MOST","5","3","-","1","","","","","","","",""
"","","","","","","","","","","","","","","","","","","","","","","","","","","","","ACHIEVEMENT","MOST UPSETS","MOST","6","3","-","1","","","","","","","",""
"","","","","","","","","","","","","","","","","","","","","","","","","","","","","ACHIEVEMENT","MOST UPSETS","MOST","7","3","-","1","","","","","","","",""
"","","","","","","","","","","","","","","","","","","","","","","","","","","","","ACHIEVEMENT","MOST UPSETS","MOST","8","3","-","1","","","","","","","",""
"","","","","","","","","","","","","","","","","","","","","","","","","","","","","ACHIEVEMENT","MOST UPSETS","MOST","9","3","-","1","","","","","","","",""
"","","","","","","","","","","","","","","","","","","","","","","","","","","","","ACHIEVEMENT","MOST UPSETS","MOST","10","3","-","1","","","","","","","",""
"","","","","","","","","","","","","","","","","","","","","","","","","","","","","DIV/LEAGUE","BEST OVERALL RECORD","BEST","1","1","GREEN","2","","","","","","","",""
"","","","","","","","","","","","","","","","","","","","","","","","","","","","","DIV/LEAGUE","BEST OVERALL RECORD","BEST","2","1","-","2","","","","","","","",""
"","","","","","","","","","","","","","","","","","","","","","","","","","","","","DIV/LEAGUE","BEST OVERALL RECORD","BEST","3","1","-","2","","","","","","","",""
"","","","","","","","","","","","","","","","","","","","","","","","","","","","","DIV/LEAGUE","BEST OVERALL RECORD","BEST","4","1","-","2","","","","","","","",""
"","","","","","","","","","","","","","","","","","","","","","","","","","","","","DIV/LEAGUE","BEST OVERALL RECORD","BEST","5","1","-","2","","","","","","","",""
"","","","","","","","","","","","","","","","","","","","","","","","","","","","","DIV/LEAGUE","BEST OVERALL RECORD","BEST","6","1","-","2","","","","","","","",""
"","","","","","","","","","","","","","","","","","","","","","","","","","","","","DIV/LEAGUE","BEST OVERALL RECORD","BEST","7","1","-","2","","","","","","","",""
"","","","","","","","","","","","","","","","","","","","","","","","","","","","","DIV/LEAGUE","BEST OVERALL RECORD","BEST","8","1","-","2","","","","","","","",""
"","","","","","","","","","","","","","","","","","","","","","","","","","","","","DIV/LEAGUE","BEST OVERALL RECORD","BEST","9","1","-","2","","","","","","","",""
"","","","","","","","","","","","","","","","","","","","","","","","","","","","","DIV/LEAGUE","BEST OVERALL RECORD","BEST","10","1","-","2","","","","","","","",""
"","","","","","","","","","","","","","","","","","","","","","","","","","","","","DIV/LEAGUE","BEST OVERALL RECORD - P","BEST","1","1","GREEN","1","","","","","","","",""
"","","","","","","","","","","","","","","","","","","","","","","","","","","","","DIV/LEAGUE","BEST OVERALL RECORD - P","BEST","2","1","-","1","","","","","","","",""
"","","","","","","","","","","","","","","","","","","","","","","","","","","","","DIV/LEAGUE","BEST OVERALL RECORD - P","BEST","3","1","-","1","","","","","","","",""
"","","","","","","","","","","","","","","","","","","","","","","","","","","","","DIV/LEAGUE","BEST OVERALL RECORD - P","BEST","4","1","-","1","","","","","","","",""
"","","","","","","","","","","","","","","","","","","","","","","","","","","","","DIV/LEAGUE","BEST OVERALL RECORD - P","BEST","5","1","-","1","","","","","","","",""
"","","","","","","","","","","","","","","","","","","","","","","","","","","","","DIV/LEAGUE","BEST OVERALL RECORD - E","BEST","1","1","YARDIES","1","","","","","","","",""
"","","","","","","","","","","","","","","","","","","","","","","","","","","","","DIV/LEAGUE","BEST OVERALL RECORD - E","BEST","2","1","-","1","","","","","","","",""
"","","","","","","","","","","","","","","","","","","","","","","","","","","","","DIV/LEAGUE","BEST OVERALL RECORD - E","BEST","3","1","-","1","","","","","","","",""
"","","","","","","","","","","","","","","","","","","","","","","","","","","","","DIV/LEAGUE","BEST OVERALL RECORD - E","BEST","4","1","-","1","","","","","","","",""
"","","","","","","","","","","","","","","","","","","","","","","","","","","","","DIV/LEAGUE","BEST OVERALL RECORD - E","BEST","5","1","-","1","","","","","","","",""
"","","","","","","","","","","","","","","","","","","","","","","","","","","","","DIV/LEAGUE","BEST DIVISIONAL RECORD","BEST","1","1","GREEN","2","","","","","","","",""
"","","","","","","","","","","","","","","","","","","","","","","","","","","","","DIV/LEAGUE","BEST DIVISIONAL RECORD","BEST","2","1","-","2","","","","","","","",""
"","","","","","","","","","","","","","","","","","","","","","","","","","","","","DIV/LEAGUE","BEST DIVISIONAL RECORD","BEST","3","1","-","2","","","","","","","",""
"","","","","","","","","","","","","","","","","","","","","","","","","","","","","DIV/LEAGUE","BEST DIVISIONAL RECORD","BEST","4","1","-","2","","","","","","","",""
"","","","","","","","","","","","","","","","","","","","","","","","","","","","","DIV/LEAGUE","BEST DIVISIONAL RECORD","BEST","5","1","-","2","","","","","","","",""
"","","","","","","","","","","","","","","","","","","","","","","","","","","","","DIV/LEAGUE","BEST DIVISIONAL RECORD","BEST","6","1","-","2","","","","","","","",""
"","","","","","","","","","","","","","","","","","","","","","","","","","","","","DIV/LEAGUE","BEST DIVISIONAL RECORD","BEST","7","1","-","2","","","","","","","",""
"","","","","","","","","","","","","","","","","","","","","","","","","","","","","DIV/LEAGUE","BEST DIVISIONAL RECORD","BEST","8","1","-","2","","","","","","","",""
"","","","","","","","","","","","","","","","","","","","","","","","","","","","","DIV/LEAGUE","BEST DIVISIONAL RECORD","BEST","9","1","-","2","","","","","","","",""
"","","","","","","","","","","","","","","","","","","","","","","","","","","","","DIV/LEAGUE","BEST DIVISIONAL RECORD","BEST","10","1","-","2","","","","","","","",""
"","","","","","","","","","","","","","","","","","","","","","","","","","","","","DIV/LEAGUE","BEST DIVISIONAL RECORD - P","BEST","1","1","GREEN","1","","","","","","","",""
"","","","","","","","","","","","","","","","","","","","","","","","","","","","","DIV/LEAGUE","BEST DIVISIONAL RECORD - P","BEST","2","1","-","1","","","","","","","",""
"","","","","","","","","","","","","","","","","","","","","","","","","","","","","DIV/LEAGUE","BEST DIVISIONAL RECORD - P","BEST","3","1","-","1","","","","","","","",""
"","","","","","","","","","","","","","","","","","","","","","","","","","","","","DIV/LEAGUE","BEST DIVISIONAL RECORD - P","BEST","4","1","-","1","","","","","","","",""
"","","","","","","","","","","","","","","","","","","","","","","","","","","","","DIV/LEAGUE","BEST DIVISIONAL RECORD - P","BEST","5","1","-","1","","","","","","","",""
"","","","","","","","","","","","","","","","","","","","","","","","","","","","","DIV/LEAGUE","BEST DIVISIONAL RECORD - E","BEST","1","1","YARDIES","1","","","","","","","",""
"","","","","","","","","","","","","","","","","","","","","","","","","","","","","DIV/LEAGUE","BEST DIVISIONAL RECORD - E","BEST","2","1","MUTTS","1","","","","","","","",""
"","","","","","","","","","","","","","","","","","","","","","","","","","","","","DIV/LEAGUE","BEST DIVISIONAL RECORD - E","BEST","3","1","-","1","","","","","","","",""
"","","","","","","","","","","","","","","","","","","","","","","","","","","","","DIV/LEAGUE","BEST DIVISIONAL RECORD - E","BEST","4","1","-","1","","","","","","","",""
"","","","","","","","","","","","","","","","","","","","","","","","","","","","","DIV/LEAGUE","BEST DIVISIONAL RECORD - E","BEST","5","1","-","1","","","","","","","",""
"","","","","","","","","","","","","","","","","","","","","","","","","","","","","DIV/LEAGUE","MOST DIV/ CROSS-DIV SWEEPS","BEST","1","1","GREEN","2","","","","","","","",""
"","","","","","","","","","","","","","","","","","","","","","","","","","","","","DIV/LEAGUE","MOST DIV/ CROSS-DIV SWEEPS","BEST","2","1","YARDIES","2","","","","","","","",""
"","","","","","","","","","","","","","","","","","","","","","","","","","","","","DIV/LEAGUE","MOST DIV/ CROSS-DIV SWEEPS","BEST","3","1","-","2","","","","","","","",""
"","","","","","","","","","","","","","","","","","","","","","","","","","","","","DIV/LEAGUE","MOST DIV/ CROSS-DIV SWEEPS","BEST","4","1","-","2","","","","","","","",""
"","","","","","","","","","","","","","","","","","","","","","","","","","","","","DIV/LEAGUE","MOST DIV/ CROSS-DIV SWEEPS","BEST","5","1","-","2","","","","","","","",""
"","","","","","","","","","","","","","","","","","","","","","","","","","","","","DIV/LEAGUE","MOST DIV/ CROSS-DIV SWEEPS","BEST","6","1","-","2","","","","","","","",""
"","","","","","","","","","","","","","","","","","","","","","","","","","","","","DIV/LEAGUE","MOST DIV/ CROSS-DIV SWEEPS","BEST","7","1","-","2","","","","","","","",""
"","","","","","","","","","","","","","","","","","","","","","","","","","","","","DIV/LEAGUE","MOST DIV/ CROSS-DIV SWEEPS","BEST","8","1","-","2","","","","","","","",""
"","","","","","","","","","","","","","","","","","","","","","","","","","","","","DIV/LEAGUE","MOST DIV/ CROSS-DIV SWEEPS","BEST","9","1","-","2","","","","","","","",""
"","","","","","","","","","","","","","","","","","","","","","","","","","","","","DIV/LEAGUE","MOST DIV/ CROSS-DIV SWEEPS","BEST","10","1","-","2","","","","","","","",""
"","","","","","","","","","","","","","","","","","","","","","","","","","","","","DIV/LEAGUE","MOST DIV/ CROSS-DIV SWEEPS - P","BEST","1","1","GREEN","1","","","","","","","",""
"","","","","","","","","","","","","","","","","","","","","","","","","","","","","DIV/LEAGUE","MOST DIV/ CROSS-DIV SWEEPS - P","BEST","2","1","-","1","","","","","","","",""
"","","","","","","","","","","","","","","","","","","","","","","","","","","","","DIV/LEAGUE","MOST DIV/ CROSS-DIV SWEEPS - P","BEST","3","1","-","1","","","","","","","",""
"","","","","","","","","","","","","","","","","","","","","","","","","","","","","DIV/LEAGUE","MOST DIV/ CROSS-DIV SWEEPS - P","BEST","4","1","-","1","","","","","","","",""
"","","","","","","","","","","","","","","","","","","","","","","","","","","","","DIV/LEAGUE","MOST DIV/ CROSS-DIV SWEEPS - P","BEST","5","1","-","1","","","","","","","",""
"","","","","","","","","","","","","","","","","","","","","","","","","","","","","DIV/LEAGUE","MOST DIV/ CROSS-DIV SWEEPS - E","BEST","1","1","YARDIES","1","","","2ND","","","","",""
"","","","","","","","","","","","","","","","","","","","","","","","","","","","","DIV/LEAGUE","MOST DIV/ CROSS-DIV SWEEPS - E","BEST","2","1","-","1","","","","","","","",""
"","","","","","","","","","","","","","","","","","","","","","","","","","","","","DIV/LEAGUE","MOST DIV/ CROSS-DIV SWEEPS - E","BEST","3","1","-","1","","","","","","","",""
"","","","","","","","","","","","","","","","","","","","","","","","","","","","","DIV/LEAGUE","MOST DIV/ CROSS-DIV SWEEPS - E","BEST","4","1","-","1","","","","","","","",""
"","","","","","","","","","","","","","","","","","","","","","","","","","","","","DIV/LEAGUE","MOST DIV/ CROSS-DIV SWEEPS - E","BEST","5","1","-","1","","","","","","","",""
"","","","","","","","","","","","","","","","","","","","","","","","","","","","","DIV/LEAGUE","BEST CROSS- DIVISIONAL RECORD","BEST","1","1","GREEN","2","","","","","","","",""
"","","","","","","","","","","","","","","","","","","","","","","","","","","","","DIV/LEAGUE","BEST CROSS- DIVISIONAL RECORD","BEST","2","1","-","2","","","","","","","",""
"","","","","","","","","","","","","","","","","","","","","","","","","","","","","DIV/LEAGUE","BEST CROSS- DIVISIONAL RECORD","BEST","3","1","-","2","","","","","","","",""
"","","","","","","","","","","","","","","","","","","","","","","","","","","","","DIV/LEAGUE","BEST CROSS- DIVISIONAL RECORD","BEST","4","1","-","2","","","","","","","",""
"","","","","","","","","","","","","","","","","","","","","","","","","","","","","DIV/LEAGUE","BEST CROSS- DIVISIONAL RECORD","BEST","5","1","-","2","","","","","","","",""
"","","","","","","","","","","","","","","","","","","","","","","","","","","","","DIV/LEAGUE","BEST CROSS- DIVISIONAL RECORD","BEST","6","1","-","2","","","","","","","",""
"","","","","","","","","","","","","","","","","","","","","","","","","","","","","DIV/LEAGUE","BEST CROSS- DIVISIONAL RECORD","BEST","7","1","-","2","","","","","","","",""
"","","","","","","","","","","","","","","","","","","","","","","","","","","","","DIV/LEAGUE","BEST CROSS- DIVISIONAL RECORD","BEST","8","1","-","2","","","","","","","",""
"","","","","","","","","","","","","","","","","","","","","","","","","","","","","DIV/LEAGUE","BEST CROSS- DIVISIONAL RECORD","BEST","9","1","-","2","","","","","","","",""
"","","","","","","","","","","","","","","","","","","","","","","","","","","","","DIV/LEAGUE","BEST CROSS- DIVISIONAL RECORD","BEST","10","1","-","2","","","","","","","",""
"","","","","","","","","","","","","","","","","","","","","","","","","","","","","DIV/LEAGUE","BEST CROSS- DIVISIONAL RECORD - P","BEST","1","1","GREEN","1","","","","","","","",""
"","","","","","","","","","","","","","","","","","","","","","","","","","","","","DIV/LEAGUE","BEST CROSS- DIVISIONAL RECORD - P","BEST","2","1","-","1","","","","","","","",""
"","","","","","","","","","","","","","","","","","","","","","","","","","","","","DIV/LEAGUE","BEST CROSS- DIVISIONAL RECORD - P","BEST","3","1","-","1","","","","","","","",""
"","","","","","","","","","","","","","","","","","","","","","","","","","","","","DIV/LEAGUE","BEST CROSS- DIVISIONAL RECORD - P","BEST","4","1","-","1","","","","","","","",""
"","","","","","","","","","","","","","","","","","","","","","","","","","","","","DIV/LEAGUE","BEST CROSS- DIVISIONAL RECORD - P","BEST","5","1","-","1","","","","","","","",""
"","","","","","","","","","","","","","","","","","","","","","","","","","","","","DIV/LEAGUE","BEST CROSS- DIVISIONAL RECORD - E","BEST","1","1","YARDIES","1","","","","","","","",""
"","","","","","","","","","","","","","","","","","","","","","","","","","","","","DIV/LEAGUE","BEST CROSS- DIVISIONAL RECORD - E","BEST","2","1","-","1","","","","","","","",""
"","","","","","","","","","","","","","","","","","","","","","","","","","","","","DIV/LEAGUE","BEST CROSS- DIVISIONAL RECORD - E","BEST","3","1","-","1","","","","","","","",""
"","","","","","","","","","","","","","","","","","","","","","","","","","","","","DIV/LEAGUE","BEST CROSS- DIVISIONAL RECORD - E","BEST","4","1","-","1","","","","","","","",""
"","","","","","","","","","","","","","","","","","","","","","","","","","","","","DIV/LEAGUE","BEST CROSS- DIVISIONAL RECORD - E","BEST","5","1","-","1","","","","","","","",""
"","","","","","","","","","","","","","","","","","","","","","","","","","","","","DIV/LEAGUE","LONGEST WIN STREAK","BEST","1","1","GREEN","2","","","","","","","",""
"","","","","","","","","","","","","","","","","","","","","","","","","","","","","DIV/LEAGUE","LONGEST WIN STREAK","BEST","2","1","-","2","","","","","","","",""
"","","","","","","","","","","","","","","","","","","","","","","","","","","","","DIV/LEAGUE","LONGEST WIN STREAK","BEST","3","1","-","2","","","","","","","",""
"","","","","","","","","","","","","","","","","","","","","","","","","","","","","DIV/LEAGUE","LONGEST WIN STREAK","BEST","4","1","-","2","","","","","","","",""
"","","","","","","","","","","","","","","","","","","","","","","","","","","","","DIV/LEAGUE","LONGEST WIN STREAK","BEST","5","1","-","2","","","","","","","",""
"","","","","","","","","","","","","","","","","","","","","","","","","","","","","DIV/LEAGUE","LONGEST WIN STREAK","BEST","6","1","-","2","","","","","","","",""
"","","","","","","","","","","","","","","","","","","","","","","","","","","","","DIV/LEAGUE","LONGEST WIN STREAK","BEST","7","1","-","2","","","","","","","",""
"","","","","","","","","","","","","","","","","","","","","","","","","","","","","DIV/LEAGUE","LONGEST WIN STREAK","BEST","8","1","-","2","","","","","","","",""
"","","","","","","","","","","","","","","","","","","","","","","","","","","","","DIV/LEAGUE","LONGEST WIN STREAK","BEST","9","1","-","2","","","","","","","",""
"","","","","","","","","","","","","","","","","","","","","","","","","","","","","DIV/LEAGUE","LONGEST WIN STREAK","BEST","10","1","-","2","","","","","","","",""
"","","","","","","","","","","","","","","","","","","","","","","","","","","","","DIV/LEAGUE","LONGEST WIN STREAK - P","BEST","1","1","GREEN","1","","","","","","","",""
"","","","","","","","","","","","","","","","","","","","","","","","","","","","","DIV/LEAGUE","LONGEST WIN STREAK - P","BEST","2","1","-","1","","","","","","","",""
"","","","","","","","","","","","","","","","","","","","","","","","","","","","","DIV/LEAGUE","LONGEST WIN STREAK - P","BEST","3","1","-","1","","","","","","","",""
"","","","","","","","","","","","","","","","","","","","","","","","","","","","","DIV/LEAGUE","LONGEST WIN STREAK - P","BEST","4","1","-","1","","","","","","","",""
"","","","","","","","","","","","","","","","","","","","","","","","","","","","","DIV/LEAGUE","LONGEST WIN STREAK - P","BEST","5","1","-","1","","","","","","","",""
"","","","","","","","","","","","","","","","","","","","","","","","","","","","","DIV/LEAGUE","LONGEST WIN STREAK - E","BEST","1","1","MUTTS","1","","","","","","","",""
"","","","","","","","","","","","","","","","","","","","","","","","","","","","","DIV/LEAGUE","LONGEST WIN STREAK - E","BEST","2","1","EAGLES","1","","","","","","","",""
"","","","","","","","","","","","","","","","","","","","","","","","","","","","","DIV/LEAGUE","LONGEST WIN STREAK - E","BEST","3","1","-","1","","","","","","","",""
"","","","","","","","","","","","","","","","","","","","","","","","","","","","","DIV/LEAGUE","LONGEST WIN STREAK - E","BEST","4","1","-","1","","","","","","","",""
"","","","","","","","","","","","","","","","","","","","","","","","","","","","","DIV/LEAGUE","LONGEST WIN STREAK - E","BEST","5","1","-","1","","","","","","","",""
"","","","","","","","","","","","","","","","","","","","","","","","","","","","","DIV/LEAGUE","BEST HOME RECORD","BEST","","1","GREEN","1","","","","","","","",""
"","","","","","","","","","","","","","","","","","","","","","","","","","","","","DIV/LEAGUE","BEST HOME RECORD","BEST","","1","-","1","","","","","","","",""
"","","","","","","","","","","","","","","","","","","","","","","","","","","","","DIV/LEAGUE","BEST HOME RECORD","BEST","","1","-","1","","","","","","","",""
"","","","","","","","","","","","","","","","","","","","","","","","","","","","","DIV/LEAGUE","BEST HOME RECORD","BEST","","1","-","1","","","","","","","",""
"","","","","","","","","","","","","","","","","","","","","","","","","","","","","DIV/LEAGUE","BEST HOME RECORD","BEST","","1","-","1","","","","","","","",""
"","","","","","","","","","","","","","","","","","","","","","","","","","","","","DIV/LEAGUE","BEST HOME RECORD","BEST","","1","-","1","","","","","","","",""
"","","","","","","","","","","","","","","","","","","","","","","","","","","","","DIV/LEAGUE","BEST HOME RECORD","BEST","","1","-","1","","","","","","","",""
"","","","","","","","","","","","","","","","","","","","","","","","","","","","","DIV/LEAGUE","BEST HOME RECORD","BEST","","1","-","1","","","","","","","",""
"","","","","","","","","","","","","","","","","","","","","","","","","","","","","DIV/LEAGUE","BEST HOME RECORD","BEST","","1","-","1","","","","","","","",""
"","","","","","","","","","","","","","","","","","","","","","","","","","","","","DIV/LEAGUE","BEST HOME RECORD","BEST","","1","-","1","","","","","","","",""
"","","","","","","","","","","","","","","","","","","","","","","","","","","","","DIV/LEAGUE","BEST HOME RECORD - P","BEST","","1","GREEN","1","","","","","","","",""
"","","","","","","","","","","","","","","","","","","","","","","","","","","","","DIV/LEAGUE","BEST HOME RECORD - P","BEST","","1","-","1","","","","","","","",""
"","","","","","","","","","","","","","","","","","","","","","","","","","","","","DIV/LEAGUE","BEST HOME RECORD - P","BEST","","1","-","1","","","","","","","",""
"","","","","","","","","","","","","","","","","","","","","","","","","","","","","DIV/LEAGUE","BEST HOME RECORD - P","BEST","","1","-","1","","","","","","","",""
"","","","","","","","","","","","","","","","","","","","","","","","","","","","","DIV/LEAGUE","BEST HOME RECORD - P","BEST","","1","-","1","","","","","","","",""
"","","","","","","","","","","","","","","","","","","","","","","","","","","","","DIV/LEAGUE","BEST HOME RECORD - E","BEST","","1","CHAMPS","1","","","","","","","",""
"","","","","","","","","","","","","","","","","","","","","","","","","","","","","DIV/LEAGUE","BEST HOME RECORD - E","BEST","","1","MUTTS","1","","","","","","","",""
"","","","","","","","","","","","","","","","","","","","","","","","","","","","","DIV/LEAGUE","BEST HOME RECORD - E","BEST","","1","-","1","","","","","","","",""
"","","","","","","","","","","","","","","","","","","","","","","","","","","","","DIV/LEAGUE","BEST HOME RECORD - E","BEST","","1","-","1","","","","","","","",""
"","","","","","","","","","","","","","","","","","","","","","","","","","","","","DIV/LEAGUE","BEST HOME RECORD - E","BEST","","1","-","1","","","","","","","",""
"","","","","","","","","","","","","","","","","","","","","","","","","","","","","DIV/LEAGUE","BEST AWAY RECORD ","BEST","","1","GREEN","1","","","","","","","",""
"","","","","","","","","","","","","","","","","","","","","","","","","","","","","DIV/LEAGUE","BEST AWAY RECORD ","BEST","","1","YARDIES","1","","","","","","","",""
"","","","","","","","","","","","","","","","","","","","","","","","","","","","","DIV/LEAGUE","BEST AWAY RECORD ","BEST","","1","-","1","","","","","","","",""
"","","","","","","","","","","","","","","","","","","","","","","","","","","","","DIV/LEAGUE","BEST AWAY RECORD ","BEST","","1","-","1","","","","","","","",""
"","","","","","","","","","","","","","","","","","","","","","","","","","","","","DIV/LEAGUE","BEST AWAY RECORD ","BEST","","1","-","1","","","","","","","",""
"","","","","","","","","","","","","","","","","","","","","","","","","","","","","DIV/LEAGUE","BEST AWAY RECORD ","BEST","","1","-","1","","","","","","","",""
"","","","","","","","","","","","","","","","","","","","","","","","","","","","","DIV/LEAGUE","BEST AWAY RECORD ","BEST","","1","-","1","","","","","","","",""
"","","","","","","","","","","","","","","","","","","","","","","","","","","","","DIV/LEAGUE","BEST AWAY RECORD ","BEST","","1","-","1","","","","","","","",""
"","","","","","","","","","","","","","","","","","","","","","","","","","","","","DIV/LEAGUE","BEST AWAY RECORD ","BEST","","1","-","1","","","","","","","",""
"","","","","","","","","","","","","","","","","","","","","","","","","","","","","DIV/LEAGUE","BEST AWAY RECORD ","BEST","","1","-","1","","","","","","","",""
"","","","","","","","","","","","","","","","","","","","","","","","","","","","","DIV/LEAGUE","BEST AWAY RECORD  - P","BEST","","1","GREEN","1","","","","","","","",""
"","","","","","","","","","","","","","","","","","","","","","","","","","","","","DIV/LEAGUE","BEST AWAY RECORD  - P","BEST","","1","-","1","","","","","","","",""
"","","","","","","","","","","","","","","","","","","","","","","","","","","","","DIV/LEAGUE","BEST AWAY RECORD  - P","BEST","","1","-","1","","","","","","","",""
"","","","","","","","","","","","","","","","","","","","","","","","","","","","","DIV/LEAGUE","BEST AWAY RECORD  - P","BEST","","1","-","1","","","","","","","",""
"","","","","","","","","","","","","","","","","","","","","","","","","","","","","DIV/LEAGUE","BEST AWAY RECORD  - P","BEST","","1","-","1","","","","","","","",""
"","","","","","","","","","","","","","","","","","","","","","","","","","","","","DIV/LEAGUE","BEST AWAY RECORD  - E","BEST","","1","YARDIES","1","","","","","","","",""
"","","","","","","","","","","","","","","","","","","","","","","","","","","","","DIV/LEAGUE","BEST AWAY RECORD  - E","BEST","","1","-","1","","","","","","","",""
"","","","","","","","","","","","","","","","","","","","","","","","","","","","","DIV/LEAGUE","BEST AWAY RECORD  - E","BEST","","1","-","1","","","","","","","",""
"","","","","","","","","","","","","","","","","","","","","","","","","","","","","DIV/LEAGUE","BEST AWAY RECORD  - E","BEST","","1","-","1","","","","","","","",""
"","","","","","","","","","","","","","","","","","","","","","","","","","","","","DIV/LEAGUE","BEST AWAY RECORD  - E","BEST","","1","-","1","","","","","","","",""
"","","","","","","","","","","","","","","","","","","","","","","","","","","","","BONUS","Closest Score Game, Winner","WINNER","1","1","MUTTS","2","","","","","","","",""
"","","","","","","","","","","","","","","","","","","","","","","","","","","","","BONUS","Biggest Blowout, Winner","WINNER","1","1","CHAMPS","2","","","","","","","",""
"","","","","","","","","","","","","","","","","","","","","","","","","","","","","BONUS","Highest Combined Score Game, Winner","WINNER","1","1","DECOUPES","2","","","","","","","",""
"","","","","","","","","","","","","","","","","","","","","","","","","","","","","BONUS","Highest Combined Score Game, Loser","LOSER","1","1","METAMOOKDAWGS","0.5","","","","","","","",""
"","","","","","","","","","","","","","","","","","","","","","","","","","","","","BONUS","Highest Rank Game, Winner","WINNER","1","1","MUTTS","2","","","","","","","",""
"","","","","","","","","","","","","","","","","","","","","","","","","","","","","BONUS","Highest Rank Game, Loser","LOSER","1","1","CHAMPS","0.5","","","","","","","",""
"","","","","","","","","","","","","","","","","","","","","","","","","","","","","BONUS","Greatest MOTW Game, Winner","WINNER","1","1","POPEYES","2","","","","","","","",""
"","","","","","","","","","","","","","","","","","","","","","","","","","","","","BONUS","Greatest MOTW Game, Loser","LOSER","1","1","MUTTS","0.5","","","","","","","",""
"","","","","","","","","","","","","","","","","","","","","","","","","","","","","BONUS","Greatest Regular Season Game, Winner","WINNER","1","1","POPEYES","2","","","","","","","",""
"","","","","","","","","","","","","","","","","","","","","","","","","","","","","BONUS","Greatest Regular Season Game, Loser","LOSER","1","1","MUTTS","0.5","","","","","","","",""
"","","","","","","","","","","","","","","","","","","","","","","","","","","","","BONUS","Biggest Upset","WINNER","1","1","METAMOOKDAWGS","2","","","","","","","",""
"","","","","","","","","","","","","","","","","","","","","","","","","","","","","BONUS","RANK CHANGE","BEST","1","1","YARDIES","2","","","","","","","",""
"","","","","","","","","","","","","","","","","","","","","","","","","","","","","BONUS","RANK CHANGE","BEST","2","1","-","2","","","","","","","",""
"","","","","","","","","","","","","","","","","","","","","","","","","","","","","BONUS","RANK CHANGE","BEST","3","1","-","2","","","","","","","",""