"Full Name","Acronym","Division","Team Color","","List of Divisions","","Full Schedule","","Away ","Home ","","","","","Number of  Teams","","YEAR","","","","","","","","","","","","","","","","","","","","","","P1","P2","P3","P4","P5","E1","E2","E3","E4","E5","","","","","","","","","","","","","","","","","","","","","","",""
"DECOUPES","COUP","PRODIGY","B82438","","PRODIGY","","WEEK 1","GAME 1","KINGS","YARDIES","","","","","10","","2025","","","","","","Team","Div","Code","","WEEK 1","","","","","","","","","","","P1","0","2","2","2","2","2","1","1","1","1","","WEEK 1","P1","E1","KINGS","YARDIES","","","","","","","","","","","","","","","","",""
"POPEYES","POP","PRODIGY","FF8B29","","ESTEEMED","","WEEK 1","GAME 2","MUTTS","METAMOOKDAWGS","","","","","","","","","","","1","1","YARDIES","ESTEEMED","E1","","GAME 1","","GAME 2","","GAME 3","","GAME 4","","GAME 5","","","P2","2","0","2","2","2","1","2","1","1","1","","","E3","E4","MUTTS","METAMOOKDAWGS","","","","","","","","","","","","","","","","",""
"GREEN","GG","PRODIGY","091E7E","","","","WEEK 1","GAME 3","EAGLES","CHAMPS","","","","","","","","","","","2","1","KINGS","PRODIGY","P1","","AWAY","HOME","AWAY","HOME","AWAY","HOME","AWAY","HOME","AWAY","HOME","","P3","2","2","0","2","2","1","1","2","1","1","","","E2","E5","EAGLES","CHAMPS","","","","","","","","","","","","","","","","",""
"SAVAGES","EAS","PRODIGY","FF0000","","","","WEEK 1","GAME 4","DECOUPES","GREEN","","","","","","","","","","","3","2","EAGLES","ESTEEMED","E2","","P1","E1","E3","E4","E2","E5","P3","P4","P5","P2","","P4","2","2","2","0","2","1","1","1","1","2","","","P3","P4","DECOUPES","GREEN","","","","","","","","","","","","","","","","",""
"CHAMPS","CMM","ESTEEMED","F04E37","","","","WEEK 1","GAME 5","SAVAGES","POPEYES","","","","","","","","","","","4","2","POPEYES","PRODIGY","P2","","WEEK 2","","","","","","","","","","","P5","2","2","2","2","0","1","1","1","2","1","","","P5","P2","SAVAGES","POPEYES","","","","","","","","","","","","","","","","",""
"METAMOOKDAWGS","MOOK","ESTEEMED","F091FF","","","","WEEK 2","GAME 1","METAMOOKDAWGS","YARDIES","","","","","","","","","","","5","3","DECOUPES","PRODIGY","P3","","GAME 1","","GAME 2","","GAME 3","","GAME 4","","GAME 5","","","E1","2","1","1","1","1","0","2","2","2","2","","WEEK 2","E4","E1","METAMOOKDAWGS","YARDIES","","","","","","","","","","","","","","","","",""
"YARDIES","OREG","ESTEEMED","007749","","","","WEEK 2","GAME 2","CHAMPS","MUTTS","","","","","","","","","","","6","3","MUTTS","ESTEEMED","E3","","AWAY","HOME","AWAY","HOME","AWAY","HOME","AWAY","HOME","AWAY","HOME","","E2","1","2","1","1","1","2","0","2","2","2","","","E5","E3","CHAMPS","MUTTS","","","","","","","","","","","","","","","","",""
"MUTTS","UYM","ESTEEMED","BBBBBB","","","","WEEK 2","GAME 3","POPEYES","EAGLES","","","","","DECOUPES","7","7","","","","7","4","GREEN","PRODIGY","P4","","E4","E1","E5","E3","P2","E2","P1","P3","P4","P5","","E3","1","1","2","1","1","2","2","0","2","2","","","P2","E2","POPEYES","EAGLES","","","","","","","","","","","","","","","","",""
"EAGLES","JEF","ESTEEMED","","","","","WEEK 2","GAME 4","KINGS","DECOUPES","","","","","POPEYES","7","7","","","","8","4","METAMOOKDAWGS","ESTEEMED","E4","","WEEK 3","","","","","","","","","","","E4","1","1","1","1","2","2","2","2","0","2","","","P1","P3","KINGS","DECOUPES","","","","","","","","","","","","","","","","",""
"KINGS","MK","PRODIGY","","","","","WEEK 2","GAME 5","GREEN","SAVAGES","","","","","GREEN","7","7","","","","9","5","CHAMPS","ESTEEMED","E5","","GAME 1","","GAME 2","","GAME 3","","GAME 4","","GAME 5","","","E5","1","1","1","2","1","2","2","2","2","0","","","P4","P5","GREEN","SAVAGES","","","","","","","","","","","","","","","","",""
"","","","","","","","WEEK 3","GAME 1","METAMOOKDAWGS","KINGS","","","","","SAVAGES","7","7","","","","10","5","SAVAGES","PRODIGY","P5","","AWAY","HOME","AWAY","HOME","AWAY","HOME","AWAY","HOME","AWAY","HOME","","","","","","","","","","","","","","WEEK 3","E4","P1","METAMOOKDAWGS","KINGS","","","","","","","","","","","","","","","","",""
"","","","","","","","WEEK 3","GAME 2","MUTTS","POPEYES","","","","","CHAMPS","7","7","","","","","","","","","","E4","P1","E3","P2","E5","P3","P4","E1","P5","E2","","","","","","","","","","","","","","","E3","P2","MUTTS","POPEYES","","","","","","","","","","","","","","","","",""
"","","","","","","","WEEK 3","GAME 3","CHAMPS","DECOUPES","","","","","METAMOOKDAWGS","7","7","","","","","","","","","","WEEK 4","","","","","","","","","","","","","","","","","","","","","","","","E5","P3","CHAMPS","DECOUPES","","","","","","","","","","","","","","","","",""
"","","","","","","","WEEK 3","GAME 4","GREEN","YARDIES","","","","","YARDIES","7","7","","","","","","","","","","GAME 1","","GAME 2","","GAME 3","","GAME 4","","GAME 5","","","","","","","","","","","","","","","","P4","E1","GREEN","YARDIES","","","","","","","","","","","","","","","","",""
"","","","","","","","WEEK 3","GAME 5","SAVAGES","EAGLES","","","","","MUTTS","7","7","","","","","","","","","","AWAY","HOME","AWAY","HOME","AWAY","HOME","AWAY","HOME","AWAY","HOME","","","","","","","","","","","","","","","P5","E2","SAVAGES","EAGLES","","","","","","","","","","","","","","","","",""
"","","","","","","","WEEK 4","GAME 1","KINGS","MUTTS","","","","","EAGLES","7","7","","","","","","","","","","P1","E3","P2","E5","E1","P3","E2","P4","E4","P5","","","","","7","7","","","","","","","","WEEK 4","P1","E3","KINGS","MUTTS","","","","","","","","","","","","","","","","",""
"","","","","","","","WEEK 4","GAME 2","POPEYES","CHAMPS","","","","","KINGS","7","7","","","","","","","","","","WEEK 5","","","","","","","","","","","","","","7","7","","","","","","","","","P2","E5","POPEYES","CHAMPS","","","","","","","","","","","","","","","","",""
"","","","","","","","WEEK 4","GAME 3","YARDIES","DECOUPES","","","","","","","","","","","","","","","","","GAME 1","","GAME 2","","GAME 3","","GAME 4","","GAME 5","","","","","","7","7","","","","","","","","","E1","P3","YARDIES","DECOUPES","","","","","","","","","","","","","","","","",""
"","","","","","","","WEEK 4","GAME 4","EAGLES","GREEN","","","","","","","","","","","","","","","","","AWAY","HOME","AWAY","HOME","AWAY","HOME","AWAY","HOME","AWAY","HOME","","","","","7","7","","","","","","","","","E2","P4","EAGLES","GREEN","","","","","","","","","","","","","","","","",""
"","","","","","","","WEEK 4","GAME 5","METAMOOKDAWGS","SAVAGES","","","","","","","","","","","","","","","","","E1","E4","E3","E2","P3","P1","P2","P5","P4","E5","","","","","7","7","","","","","","","","","E4","P5","METAMOOKDAWGS","SAVAGES","","","","","","","","","","","","","","","","",""
"","","","","","","","WEEK 5","GAME 1","YARDIES","METAMOOKDAWGS","","","","","","","","","","","","","","","","","WEEK 6","","","","","","","","","","","","","","7","7","","","","","","","","WEEK 5","E1","E4","YARDIES","METAMOOKDAWGS","","","","","","","","","","","","","","","","",""
"","","","","","","","WEEK 5","GAME 2","MUTTS","EAGLES","","","","","","","","","","","","","","","","","GAME 1","","GAME 2","","GAME 3","","GAME 4","","GAME 5","","","","","","7","7","","","","","","","","","E3","E2","MUTTS","EAGLES","","","","","","","","","","","","","","","","",""
"","","","","","","","WEEK 5","GAME 3","DECOUPES","KINGS","","","","","","","","","","","","","","","","","AWAY","HOME","AWAY","HOME","AWAY","HOME","AWAY","HOME","AWAY","HOME","","","","","7","7","","","","","","","","","P3","P1","DECOUPES","KINGS","","","","","","","","","","","","","","","","",""
"","","","","","","","WEEK 5","GAME 4","POPEYES","SAVAGES","","","","","","","","","","","","","","","","","E5","E2","E3","E1","P3","P2","P1","P4","P5","E4","","","","","7","7","","","","","","","","","P2","P5","POPEYES","SAVAGES","","","","","","","","","","","","","","","","",""
"","","","","","","","WEEK 5","GAME 5","GREEN","CHAMPS","","","","","","","","","","","","","","","","","WEEK 7","","","","","","","","","","","","","","7","7","","","","","","","","","P4","E5","GREEN","CHAMPS","","","","","","","","","","","","","","","","",""
"","","","","","","","WEEK 6","GAME 1","CHAMPS","EAGLES","","","","","","","","","","","","","","","","","GAME 1","","GAME 2","","GAME 3","","GAME 4","","GAME 5","","","","","","","","","","","","","","","WEEK 6","E5","E2","CHAMPS","EAGLES","","","","","","","","","","","","","","","","",""
"","","","","","","","WEEK 6","GAME 2","MUTTS","YARDIES","","","","","","","","","","","","","","","","","AWAY","HOME","AWAY","HOME","AWAY","HOME","AWAY","HOME","AWAY","HOME","","","","","","","","","","","","","","","E3","E1","MUTTS","YARDIES","","","","","","","","","","","","","","","","",""
"","","","","","","","WEEK 6","GAME 3","DECOUPES","POPEYES","","","","","","","","","","","","","","","","","E2","E1","E5","E4","P1","P2","P3","E3","P5","P4","","","","","","","","","","","","","","","P3","P2","DECOUPES","POPEYES","","","","","","","","","","","","","","","","",""
"","","","","","","","WEEK 6","GAME 4","KINGS","GREEN","","","","","","","","","","","","","","","","","WEEK 8","","","","","","","","","","","","","","","","","","","","","","","","P1","P4","KINGS","GREEN","","","","","","","","","","","","","","","","",""
"","","","","","","","WEEK 6","GAME 5","SAVAGES","METAMOOKDAWGS","","","","","","","","","","","","","","","","","GAME 1","","GAME 2","","GAME 3","","GAME 4","","GAME 5","","","","","","","","","","","","","","","","P5","E4","SAVAGES","METAMOOKDAWGS","","","","","","","","","","","","","","","","",""
"","","","","","","","WEEK 7","GAME 1","EAGLES","YARDIES","","","","","","","","","","","","","","","","","AWAY","HOME","AWAY","HOME","AWAY","HOME","AWAY","HOME","AWAY","HOME","","","","","","","","","","","","","","WEEK 7","E2","E1","EAGLES","YARDIES","","","","","","","","","","","","","","","","",""
"","","","","","","","WEEK 7","GAME 2","CHAMPS","METAMOOKDAWGS","","","","","","","","","","","","","","","","","P5","P1","P4","P3","E1","E5","E4","E3","E2","P2","","","","","","","","","","","","","","","E5","E4","CHAMPS","METAMOOKDAWGS","","","","","","","","","","","","","","","","",""
"","","","","","","","WEEK 7","GAME 3","KINGS","POPEYES","","","","","","","","","","","","","","","","","WEEK 9","","","","","","","","","","","","","","","","","","","","","","","","P1","P2","KINGS","POPEYES","","","","","","","","","","","","","","","","",""
"","","","","","","","WEEK 7","GAME 4","DECOUPES","MUTTS","","","","","","","","","","","","","","","","","GAME 1","","GAME 2","","GAME 3","","GAME 4","","GAME 5","","","","","","","","","","","","","","","","P3","E3","DECOUPES","MUTTS","","","","","","","","","","","","","","","","",""
"","","","","","","","WEEK 7","GAME 5","SAVAGES","GREEN","","","","","","","","","","","","","","","","","AWAY","HOME","AWAY","HOME","AWAY","HOME","AWAY","HOME","AWAY","HOME","","","","","","","","","","","","","","","P5","P4","SAVAGES","GREEN","","","","","","","","","","","","","","","","",""
"","","","","","","","WEEK 8","GAME 1","SAVAGES","KINGS","","","","","","","","","","","","","","","","","P2","P4","P3","P5","E2","E4","E3","E5","E1","P1","","","","","","","","","","","","","","WEEK 8","P5","P1","SAVAGES","KINGS","","","","","","","","","","","","","","","","",""
"","","","","","","","WEEK 8","GAME 2","GREEN","DECOUPES","","","","","","","","","","","","","","","","","WEEK 10","","","","","","","","","","","","","","","","","","","","","","","","P4","P3","GREEN","DECOUPES","","","","","","","","","","","","","","","","",""
"","","","","","","","WEEK 8","GAME 3","YARDIES","CHAMPS","","","","","","","","","","","","","","","","","GAME 1","","GAME 2","","GAME 3","","GAME 4","","GAME 5","","","","","","","","","","","","","","","","E1","E5","YARDIES","CHAMPS","","","","","","","","","","","","","","","","",""
"","","","","","","","WEEK 8","GAME 4","METAMOOKDAWGS","MUTTS","","","","","","","","","","","","","","","","","AWAY","HOME","AWAY","HOME","AWAY","HOME","AWAY","HOME","AWAY","HOME","","","","","","","","","","","","","","","E4","E3","METAMOOKDAWGS","MUTTS","","","","","","","","","","","","","","","","",""
"","","","","","","","WEEK 8","GAME 5","EAGLES","POPEYES","","","","","","","","","","","","","","","","","P1","E5","P2","E1","P3","E2","P4","E4","P5","E3","","","","","","","","","","","","","","","E2","P2","EAGLES","POPEYES","","","","","","","","","","","","","","","","",""
"","","","","","","","WEEK 9","GAME 1","POPEYES","GREEN","","","","","","","","","","","","","","","","","WEEK 11","","","","","","","","","","","","","","","","","","","","","","","WEEK 9","P2","P4","POPEYES","GREEN","","","","","","","","","","","","","","","","",""
"","","","","","","","WEEK 9","GAME 2","DECOUPES","SAVAGES","","","","","","","","","","","","","","","","","GAME 1","","GAME 2","","GAME 3","","GAME 4","","GAME 5","","","","","","","","","","","","","","","","P3","P5","DECOUPES","SAVAGES","","","","","","","","","","","","","","","","",""
"","","","","","","","WEEK 9","GAME 3","EAGLES","METAMOOKDAWGS","","","","","","","","","","","","","","","","","AWAY","HOME","AWAY","HOME","AWAY","HOME","AWAY","HOME","AWAY","HOME","","","","","","","","","","","","","","","E2","E4","EAGLES","METAMOOKDAWGS","","","","","","","","","","","","","","","","",""
"","","","","","","","WEEK 9","GAME 4","MUTTS","CHAMPS","","","","","","","","","","","","","","","","","E2","P1","E4","P2","E3","P3","E5","P4","E1","P5","","","","","","","","","","","","","","","E3","E5","MUTTS","CHAMPS","","","","","","","","","","","","","","","","",""
"","","","","","","","WEEK 9","GAME 5","YARDIES","KINGS","","","","","","","","","","","","","","","","","WEEK 12","","","","","","","","","","","","","","","","","","","","","","","","E1","P1","YARDIES","KINGS","","","","","","","","","","","","","","","","",""
"","","","","","","","WEEK 10","GAME 1","KINGS","CHAMPS","","","","","","","","","","","","","","","","","GAME 1","","GAME 2","","GAME 3","","GAME 4","","GAME 5","","","","","","","","","","","","","","","WEEK 10","P1","E5","KINGS","CHAMPS","","","","","","","","","","","","","","","","",""
"","","","","","","","WEEK 10","GAME 2","POPEYES","YARDIES","","","","","","","","","","","","","","","","","AWAY","HOME","AWAY","HOME","AWAY","HOME","AWAY","HOME","AWAY","HOME","","","","","","","","","","","","","","","P2","E1","POPEYES","YARDIES","","","","","","","","","","","","","","","","",""
"","","","","","","","WEEK 10","GAME 3","DECOUPES","EAGLES","","","","","","","","","","","","","","","","","P1","P5","P4","P2","P3","E4","E5","E1","E2","E3","","","","","","","","","","","","","","","P3","E2","DECOUPES","EAGLES","","","","","","","","","","","","","","","","",""
"","","","","","","","WEEK 10","GAME 4","GREEN","METAMOOKDAWGS","","","","","","","","","","","","","","","","","WEEK 13","","","","","","","","","","","","","","","","","","","","","","","","P4","E4","GREEN","METAMOOKDAWGS","","","","","","","","","","","","","","","","",""
"","","","","","","","WEEK 10","GAME 5","SAVAGES","MUTTS","","","","","","","","","","","","","","","","","GAME 1","","GAME 2","","GAME 3","","GAME 4","","GAME 5","","","","","","","","","","","","","","","","P5","E3","SAVAGES","MUTTS","","","","","","","","","","","","","","","","",""
"","","","","","","","WEEK 11","GAME 1","EAGLES","KINGS","","","","","","","","","","","","","","","","","AWAY","HOME","AWAY","HOME","AWAY","HOME","AWAY","HOME","AWAY","HOME","","","","","","","","","","","","","","WEEK 11","E2","P1","EAGLES","KINGS","","","","","","","","","","","","","","","","",""
"","","","","","","","WEEK 11","GAME 2","METAMOOKDAWGS","POPEYES","","","","","","","","","","","","","","","","","P2","P1","P5","P3","E3","P4","E1","E2","E4","E5","","","","","","","","","","","","","","","E4","P2","METAMOOKDAWGS","POPEYES","","","","","","","","","","","","","","","","",""
"","","","","","","","WEEK 11","GAME 3","MUTTS","DECOUPES","","","","","","","","","","","","","","","","","WEEK 14","","","","","","","","","","","","","","","","","","","","","","","","E3","P3","MUTTS","DECOUPES","","","","","","","","","","","","","","","","",""
"","","","","","","","WEEK 11","GAME 4","CHAMPS","GREEN","","","","","","","","","","","","","","","","","GAME 1","","GAME 2","","GAME 3","","GAME 4","","GAME 5","","","","","","","","","","","","","","","","E5","P4","CHAMPS","GREEN","","","","","","","","","","","","","","","","",""
"","","","","","","","WEEK 11","GAME 5","YARDIES","SAVAGES","","","","","","","","","","","","","","","","","AWAY","HOME","AWAY","HOME","AWAY","HOME","AWAY","HOME","AWAY","HOME","","","","","","","","","","","","","","","E1","P5","YARDIES","SAVAGES","","","","","","","","","","","","","","","","",""
"","","","","","","","WEEK 12","GAME 1","KINGS","SAVAGES","","","","","","","","","","","","","","","","","P4","P1","P2","P3","E5","P5","E1","E3","E4","E2","","","","","","","","","","","","","","WEEK 12","P1","P5","KINGS","SAVAGES","","","","","","","","","","","","","","","","",""
"","","","","","","","WEEK 12","GAME 2","GREEN","POPEYES","","","","","","","","","","","","","","","","","","","","","","","","","","","","","","","","","","","","","","","","","P4","P2","GREEN","POPEYES","","","","","","","","","","","","","","","","",""
"Chat GPT response","","","","","","","WEEK 12","GAME 3","DECOUPES","METAMOOKDAWGS","","","","","","","","","","","","","","","","","","","","","","","","","","","","","","","","","","","","","","","","","P3","E4","DECOUPES","METAMOOKDAWGS","","","","","","","","","","","","","","","","",""
"Have 8 Teams and two Divisions. POPEYES , Prodigies Division, SEED 1 CHAMPS, Esteemed Division, SEED 2 DECOUPES, Prodigies Division, SEED 3 YARDIES, Esteemed Division, SEED 4 MUTTS, Esteemed Division, SEED 5 GREEN, Prodigies Division, SEED 6 METAMOOKDAWGS, Esteemed Division, SEED 7 SAVAGES, Prodigies Division, SEED 8 I need a regular season schedule where higher seed teams schedule start off easier but get harder near the end and lower seed teams schedule start hard but get easier. (the restriction can be very light) Main requirements: *Divisional Games are matches where two teams in the same division play against each( for example: Prodigies vs Prodigies or Esteemed vs Esteemed) *Cross-Divisional Games are matches where two play each in not the same division ( for example: Prodiges vs Esteemed or Esteemed vs Prodigies.) * WEEK 1, WEEK 2 and WEEK 14 must remain the same as given * Each team must play one game per week * Two teams can not play each other back to back weeks. (preferably not within a 2 week timeframe as much as possibly) * Two Cross divisional games must absolutely not be played next to each other back to back weeks unless the week contains two Cross Divisional Matches and 2 Divisional Matches. (preferably not within a 2 week timeframe as much as possibly) * Each team must play each intra division team 3 times within the schedule (9 Divisional game in total) * Excluding WEEK 1, each team must play cross divisional teams once (making 5 Cross Divisional Games in total) * Keep number of Away and Home game near 7 each as close a possible giving higher seeds more home game only if need be. * Please list this in a table making a column for Away Seed, Away Team, Home Team, Home Seed, Match Type (if it is the 1st, 2nd, or 3rd time or Cross Divisional a team has played each other, label accordingly) * Put each week in its own table * Tell me which teams are in each Division in a Table * Make sure to check Divisions when labeling match type WEEK 1: CHAMPS @ POPEYES YARDIES @ DECOUPES GREEN @ MUTTS SAVAGES @ METAMOOKDAWGS WEEK 2: POPEYES @ DECOUPES GREEN @ SAVAGES YARDIES @ CHAMPS MUTTS @ METAMOOKDAWGS WEEK 14: DECOUPES @ POPEYES SAVAGES @ GREEN YARDIES @ CHAMPS METAMOOKDAWGS @ MUTTS","","","","","","","WEEK 12","GAME 4","CHAMPS","YARDIES","","","","","","","","","","","","","","","","","","","","","","","","","","","","","","","","","","","","","","","","","E5","E1","CHAMPS","YARDIES","","","","","","","","","","","","","","","","",""
"","","","","","","","WEEK 12","GAME 5","EAGLES","MUTTS","","","","","","","","","","","","","","","","","","","","","","","","","","","","","","","","","","","","","","","","","E2","E3","EAGLES","MUTTS","","","","","","","","","","","","","","","","",""
"","","","","","","","WEEK 13","GAME 1","POPEYES","KINGS","","","","","","","","","","","","","","","","","","","","","","","","","","","","","","","","","","","","","","","","WEEK 13","P2","P1","POPEYES","KINGS","","","","","","","","","","","","","","","","",""
"","","","","","","","WEEK 13","GAME 2","SAVAGES","DECOUPES","","","","","","","","","","","","","","","","","","","","","","","","","","","","","","","","","","","","","","","","","P5","P3","SAVAGES","DECOUPES","","","","","","","","","","","","","","","","",""
"","","","","","","","WEEK 13","GAME 3","MUTTS","GREEN","","","","","","","","","","","","","","","","","","","","","","","","","","","","","","","","","","","","","","","","","E3","P4","MUTTS","GREEN","","","","","","","","","","","","","","","","",""
"","","","","","","","WEEK 13","GAME 4","YARDIES","EAGLES","","","","","","","","","","","","","","","","","","","","","","","","","","","","","","","","","","","","","","","","","E1","E2","YARDIES","EAGLES","","","","","","","","","","","","","","","","",""
"","","","","","","","WEEK 13","GAME 5","METAMOOKDAWGS","CHAMPS","","","","","","","","","","","","","","","","","","","","","","","","","","","","","","","","","","","","","","","","","E4","E5","METAMOOKDAWGS","CHAMPS","","","","","","","","","","","","","","","","",""
"","","","","","","","WEEK 14","GAME 1","GREEN","KINGS","","","","","","","","","","","","","","","","","WEEK 5","","","","","","","","","","","","","","","","","","","","","","","WEEK 14","P4","P1","GREEN","KINGS","","","","","","","","","","","","","","","","",""
"","","","","","","","WEEK 14","GAME 2","POPEYES","DECOUPES","","","","","","","","","","","","","","","","","GAME 1","","GAME 2","","GAME 3","","GAME 4","","GAME 5","","","","","","","","","","","","","","","","P2","P3","POPEYES","DECOUPES","","","","","","","","","","","","","","","","",""
"","","","","","","","WEEK 14","GAME 3","CHAMPS","SAVAGES","","","","","","","","","","","","","","","","","AWAY","HOME","AWAY","HOME","AWAY","HOME","AWAY","HOME","AWAY","HOME","","","","","","","","","","","","","","","E5","P5","CHAMPS","SAVAGES","","","","","","","","","","","","","","","","",""
"","","","","","","","WEEK 14","GAME 4","YARDIES","MUTTS","","","","","","","","","","","","","","","","","P1","P2","P3","P5","E1","E2","E4","E5","P4","E3","","","","","","","","","","","","","","","E1","E3","YARDIES","MUTTS","","","","","","","","","","","","","","","","",""
"","","","","","","","WEEK 14","GAME 5","METAMOOKDAWGS","EAGLES","","","","","","","","","","","","","","","","","WEEK 6","","","","","","","","","","","","","","","","","","","","","","","","E4","E2","METAMOOKDAWGS","EAGLES","","","","","","","","","","","","","","","","",""
"","","","","","","","","","","","","","","","","","","","","","","","","","","","GAME 1","","GAME 2","","GAME 3","","GAME 4","","GAME 5","","","","","","","","","","","","","","","","","","","","","","","","","","","","","","","","","","","",""
"","","","","","","","","","","","","","","","","","","","","","","","","","","","AWAY","HOME","AWAY","HOME","AWAY","HOME","AWAY","HOME","AWAY","HOME","","","","","","","","","","","","","","","","","","","","","","","","","","","","","","","","","","",""
"","","","","","","","","","","","","","","","","","","","","","","","","","","","P1","P3","P4","P5","E1","E4","E3","E5","E2","P2","","","","","","","","","","","","","","","","","","","","","","","","","","","","","","","","","","",""
"","","","","","","","","","","","","","","","","","","","","","","","","","","","WEEK 7","","","","","","","","","","","","","","","","","","","","","","","","","","","","","","","","","","","","","","","","","","","",""
"","","","","","","","","","","","","","","","","","","","","","","","","","","","GAME 1","","GAME 2","","GAME 3","","GAME 4","","GAME 5","","","","","","","","","","","","","","","","","","","","","","","","","","","","","","","","","","","",""
"","","","","","","","","","","","","","","","","","","","","","","","","","","","AWAY","HOME","AWAY","HOME","AWAY","HOME","AWAY","HOME","AWAY","HOME","","","","","","","","","","","","","","","","","","","","","","","","","","","","","","","","","","",""
"","","","","","","","","","","","","","","","","","","","","","","","","","","","P1","P4","P2","P3","E1","E3","E2","E4","P5","E5","","","","","","","","","","","","","","","","","","","","","","","","","","","","","","","","","","",""
"","","","","","","","","","","","","","","","","","","","","","","","","","","","WEEK 8","","","","","","","","","","","","","","","","","","","","","","","","","","","","","","","","","","","","","","","","","","","",""
"","","","","","","","","","","","","","","","","","","","","","","","","","","","GAME 1","","GAME 2","","GAME 3","","GAME 4","","GAME 5","","","","","","","","","","","","","","","","","","","","","","","","","","","","","","","","","","","",""
"","","","","","","","","","","","","","","","","","","","","","","","","","","","AWAY","HOME","AWAY","HOME","AWAY","HOME","AWAY","HOME","AWAY","HOME","","","","","","","","","","","","","","","","","","","","","","","","","","","","","","","","","","",""
"","","","","","","","","","","","","","","","","","","","","","","","","","","","P1","P5","P2","P4","E1","E5","E2","E3","P3","E4","","","","","","","","","","","","","","","","","","","","","","","","","","","","","","","","","","",""
"","","","","","","","","","","","","","","","","","","","","","","","","","","","WEEK 9","","","","","","","","","","","","","","","","","","","","","","","","","","","","","","","","","","","","","","","","","","","",""
"","","","","","","","","","","","","","","","","","","","","","","","","","","","GAME 1","","GAME 2","","GAME 3","","GAME 4","","GAME 5","","","","","","","","","","","","","","","","","","","","","","","","","","","","","","","","","","","",""
"","","","","","","","","","","","","","","","","","","","","","","","","","","","AWAY","HOME","AWAY","HOME","AWAY","HOME","AWAY","HOME","AWAY","HOME","","","","","","","","","","","","","","","","","","","","","","","","","","","","","","","","","","",""
"","","","","","","","","","","","","","","","","","","","","","","","","","","","P2","P5","P3","P4","E2","E5","E3","E4","P1","E1","","","","","","","","","","","","","","","","","","","","","","","","","","","","","","","","","","",""