 ,,,,,,,,,,,,,,,,,,,,,,,,,,,,,,
DECOUPES,,,,,,,,,,,,,,,,,,,,,,,,,,,,,,
,Week 1,,Week 2,,Week 3,,Week 4,,Week 5,,Week 6,,Week 7,,Week 8,,Week 9,,Week 10,,Week 11,,Week 12,,Week 13,,Week 14,,Finale,
Team Rank,5,,3,,2,,3,,4,,5,,5,,4,,5,,6,,6,,5,,4,,3,,,
QB,J. DANIELS,24.82,J. DANIELS,25.60,D. JONES,20.42,J. FIELDS,32.44,J. FIELDS,34.22,D. PRESCOTT,31.74,D. PRESCOTT,32.16,D. PRESCOTT,7.02,D. PRESCOTT,18.8,J. DART,28.68,D. PRESCOTT,36.12,D. PRESCOTT,33.76,D. PRESCOTT,28.1,D. PRESCOTT,23.14,,
RB,C. BROWN,15.20,C. BROWN,10.10,C. BROWN,7,B. IRVING,28,W. MARKS,3.1,R. WHITE,19.3,J. GIBBS,39.5,R. WHITE,9.4,J. GIBBS,6.7,J. GIBBS,40.7,J. WARREN,9.7,J. GIBBS,58.9,J. GIBBS,13.6,B. IRVING,17.6,,
RB,B. IRVING,15.90,B. IRVING,19.80,B. IRVING,16.4,T. BENSON,11.2,R. WHITE,24.5,J. WARREN,9.4,J. WARREN,22.4,J. WARREN,10.6,J. WARREN,18.5,T. TRACY,9.5,R. WHITE,9.2,J. WARREN,14.6,J. WARREN,13.4,J. GIBBS,38.2,,
RB,,,,,,,,,,,,,,,,,,,,,,,,,,,,,,
WR,C. LAMB,19.00,C. LAMB,21.20,C. LAMB,0,J. MEYERS,7,J. MEYERS,7.2,J. MEYERS,7.9,C. LAMB,23,C. LAMB,14.7,C. LAMB,15.5,W. ROBINSON,12.2,C. LAMB,17.6,C. LAMB,11.5,C. LAMB,25.2,C. LAMB,19.1,,
WR,J. MEYERS,17.70,J. MEYERS,12.80,J. MEYERS,9.3,C. GODWIN JR.,5.6,C. GODWIN JR.,5.6,R. SHAHEED,7.85,R. RICE,23.2,R. RICE,25.7,R. RICE,18.8,G. WILSON,0,R. RICE,9.8,R. RICE,25.1,R. RICE,29.5,R. RICE,7.4,,
WR,T. MCLAURIN,4.70,T. MCLAURIN,9.80,W. ROBINSON,3.6,D. MOONEY,2.5,J. TOLBERT,0,L. MCCAFFREY,16.65,L. MCCAFFREY,10.45,D. MOONEY,2.1,K. BOUTTE,0,R. DOUBS,2.6,W. ROBINSON,7.6,W. ROBINSON,31.7,W. ROBINSON,10.4,J. MEYERS,15.1,,
WR,,,,,,,,,,,,,,,,,,,,,,,,,,,,,,
TE,T. KELCE,12.70,T. KELCE,10.10,T. KELCE,6.6,T. KRAFT,10.6,T. KELCE,19.1,T. KELCE,13.8,T. KRAFT,16.8,T. KRAFT,34.3,T. KRAFT,4,D. KINCAID,5.7,T. KELCE,24.1,T. KELCE,8.5,T. KELCE,15.5,T. KELCE,1.8,,
FLEX,S. DIGGS,11.70,S. DIGGS,7.20,T. KRAFT,5.9,C. BROWN,11.1,C. BROWN,12.6,J. GIBBS,9.2,R. WHITE,9.4,A. KAMARA,7.1,T. TRACY,7.2,J. WARREN,12.5,J. GIBBS,21.8,J. MEYERS,15,J. MEYERS,21.4,J. WARREN,16.95,,
D/ST,LAR D/ST,21.68,BUF D/ST,25.11,BUF D/ST,10.95,BUF D/ST,18.23,LAR D/ST,4.78,LAR D/ST,24.25,KC D/ST,15.2,KC D/ST,20.34,LAR D/ST,13.88,CLE D/ST,18.5,MIA D/ST,8.29,JAX D/ST,19.39,JAX D/ST,25.02,LAR D/ST,17.88,,
K,J. ELLIOTT,9.00,J. ELLIOTT,14.00,J. ELLIOTT,3,J. ELLIOTT,7,S. SHRADER,2,M. PRATER,2,K. FAIRBURN,8,K. FAIRBAIRN,14,K. FAIRBAIRN,17,W. REICHARD,9,Z. GONZALEZ,13,Z. GONZALEZ,17,Z. GONZALEZ,8,Z. GONZALEZ,9,,
HC,PHI HC,9.20,LAC HC,10.00,PHI HC,12.9,LAC HC,3.4,PHI HC,3.1,PHI HC,-0.9,NE HC,15.3,NE HC,15.6,LAC HC,11.1,SEA HC,21.2,NE HC,12.1,SEA HC,12,SEA HC,19.8,SEA HC,23.1,,
Total Score,161.60,,165.71,,96.07,,137.07,,116.2,,141.19,,215.41,,160.86,,131.48,,160.58,,169.31,,247.45,,209.92,,189.27,,0,
MVP,J. DANIELS,24.82,J. DANIELS,25.6,D. JONES,20.42,J. FIELDS,32.44,J. FIELDS,34.22,D. PRESCOTT,31.74,J. GIBBS,39.5,T. KRAFT,34.3,D. PRESCOTT,18.8,J. GIBBS,40.7,D. PRESCOTT,36.12,J. GIBBS,58.9,R. RICE,29.5,J. GIBBS,38.2,#NUM!,#NUM!
#2,LAR D/ST,21.68,BUF D/ST,25.11,B. IRVING,16.40,B. IRVING,28.00,R. WHITE,24.50,LAR D/ST,24.25,D. PRESCOTT,32.16,R. RICE,25.70,D. PRESCOTT,18.80,J. DART,28.68,T. KELCE,24.10,D. PRESCOTT,33.76,D. PRESCOTT,28.10,D. PRESCOTT,23.14,,
#3,C. LAMB,19.00,C. LAMB,21.20,PHI HC,12.90,BUF D/ST,18.23,T. KELCE,19.10,R. WHITE,19.30,R. RICE,23.20,KC D/ST,20.34,J. WARREN,18.50,SEA HC,21.20,J. GIBBS,21.80,W. ROBINSON,31.70,C. LAMB,25.20,SEA HC,23.10,,
,,,,,,,,,,,,,,,,,,,,,,,,,,,,,,
POPEYES,,,,,,,,,,,,,,,,,,,,,,,,,,,,,,
,Week 1,,Week 2,,Week 3,,Week 4,,Week 5,,Week 6,,Week 7,,Week 8,,Week 9,,Week 10,,Week 11,,Week 12,,Week 13,,Week 14,,Finale,
Team Rank,1,,4,,4,,1,,1,,1,,2,,3,,4,,4,,4,,3,,5,,5,,,
QB,B. MAYFIELD,29.48,B. MAYFIELD,26.6,B. MAYFIELD,21.92,M. STAFFORD,38.2,M. STAFFORD,35.26,M. STAFFORD,13.34,B. MAYFIELD,13.52,B. MAYFIELD,5.28,S. DARNOLD,39,B. MAYFIELD,31.52,B. MAYFIELD,19.32,S. DARNOLD,22.96,S. DARNOLD,3.52,B. MAYFIELD,12.48,,
RB,D. ACHANE,17.2,D. ACHANE,27.3,D. ACHANE,17.3,D. ACHANE,19.1,D. ACHANE,17.6,D. ACHANE,33.6,D. ACHANE,14.1,D. ACHANE,21.9,D. ACHANE,18,D. ACHANE,43.7,D. ACHANE,24.6,K. WALKER,14.2,D. ACHANE,22.6,D. ACHANE,18.2,,
RB,T. HENDERSON,13.75,T. HENDERSON,6.3,K. WALKER III,19.6,J. MASON,11.8,J. MASON,13.9,T. HENDERSON,5.5,J. MASON,13.2,J. MASON,2,B. KNIGHT,7.6,T. HENDERSON,30.4,T. HENDERSON,34.2,T. HENDERSON,12.9,T. HENDERSON,12.7,K. WALKER,4.8,,
RB,,,,,,,,,,,,,,,,,,,,,,,,,,,,,,
WR,J. JEFFERSON,14.9,J. JEFFERSON,11.1,J. JEFFERSON,12.5,J. JEFFERSON,23.6,J. JEFFERSON,20.3,P. NACUA,4.8,J. JEFFERSON,12.9,J. JEFFERSON,14.4,J. JEFFERSON,16.7,J. JEFFERSON,7.7,J. JEFFERSON,11.1,J. JEFFERSON,8.8,J. JEFFERSON,2.4,J. JEFFERSON,3.1,,
WR,P. NACUA,24.2,P. NACUA,27.7,P. NACUA,23.9,P. NACUA,37,P. NACUA,24.5,E. EGBUKA,4.4,B. THOMAS JR.,6.1,E. EGBUKA,6.5,P. NACUA,22.9,P. NACUA,17.4,P. NACUA,14.5,P. NACUA,16.7,P. NACUA,13.2,P. NACUA,36.7,,
WR,B. THOMAS JR,9.1,B. THOMAS JR,8.9,B. THOMAS JR,7.5,E. EGBUKA,21.2,E. EGBUKA,32.3,D. SMITH,8.9,D. SMITH,34.3,D. SMITH,14.4,B. THOMAS,8.5,E. EGBUKA,24.5,E. EGBUKA,9,E. EGBUKA,6.2,E. EGBUKA,8.2,E. EGBUKA,3.5,,
WR,,,,,,,,,,,,,,,,,,,,,,,,,,,,,,
TE,T. HOCKENSON,4.5,T. HOCKENSON,2.2,K. PITTS SR,7.9,T. HOCKENSON,7.9,T. HOCKENSON,9.8,D. WALLER,9.2,K. PITTS SR.,13.2,K. PITTS SR.,14.9,K. PITTS,7.8,K. PITTS,5.8,D. SCHULTZ,11.1,K. PITTS,4.5,K. PITTS,15.2,H. FANNIN,26.4,,
FLEX,K. WALKER III,6.4,E. EGBUKA,12.9,J. MASON,26.2,K. WALKER III,13.9,K. WALKER III,10.6,K. WALKER III,5.7,K. WALKER III,8.3,T.J. HOCKENSON,4.6,K. WALKER,9.2,D. SMITH,16.9,D. SMITH,1.8,D. SMITH,14.9,D. SMITH,9.8,D. NEAL,17.3,,
D/ST,NE D/ST,15.83,IND D/ST,7.32,IND D/ST,27.2,NE D/ST,28.76,IND D/ST,26.7,IND D/ST,8.75,NE D/ST,27,IND D/ST,16.74,JAX D/ST,12.07,BUF D/ST,6.21,DAL D/ST,23.67,CLE D/ST,39.18,IND D/ST,11.37,CLE D/ST,10.93,,
K,T. LOOP,14,T. LOOP,12,T. LOOP,7,T. LOOP,9,T. LOOP,3,J. ELLIOTT,6,J. ELLIOTT,2.5,T. LOOP,13,T. LOOP,4,T. LOOP,13,T. LOOP,12,T. LOOP,11,T. LOOP,2,T. LOOP,10,,
HC,LAR HC,7.2,LAR HC,13.9,SEA HC,25.2,SEA HC,8.9,SEA HC,8.5,LAC HC,10.7,CHI HC,11.8,CHI HC,0.8,CHI HC,17.1,PHI HC,5,PHI HC,7.8,PHI HC,4.3,PHI HC,1.5,DEN HC,10.2,,
Total Score,156.56,,156.22,,196.22,,219.36,,202.46,,110.89,,156.92,,114.52,,162.87,,202.13,,169.09,,155.64,,102.49,,153.61,,0,
MVP,B. MAYFIELD,29.48,P. NACUA,27.7,IND D/ST,27.2,M. STAFFORD,38.2,M. STAFFORD,35.26,D. ACHANE,33.6,D. SMITH,34.3,D. ACHANE,21.9,S. DARNOLD,39,D. ACHANE,43.7,T. HENDERSON,34.2,CLE D/ST,39.18,D. ACHANE,22.6,P. NACUA,36.7,#NUM!,#NUM!
#2,P. NACUA,24.20,D. ACHANE,27.30,J. MASON,26.20,P. NACUA,37.00,E. EGBUKA,32.30,M. STAFFORD,13.34,NE D/ST,27.00,IND D/ST,16.74,P. NACUA,22.90,B. MAYFIELD,31.52,D. ACHANE,24.60,S. DARNOLD,22.96,K. PITTS,15.20,H. FANNIN,26.40,,
#3,D. ACHANE,17.20,B. MAYFIELD,26.60,SEA HC,25.20,NE D/ST,28.76,IND D/ST,26.70,LAC HC,10.70,D. ACHANE,14.10,K. PITTS SR.,14.90,D. ACHANE,18.00,T. HENDERSON,30.40,DAL D/ST,23.67,P. NACUA,16.70,P. NACUA,13.20,D. ACHANE,18.20,,
,,,,,,,,,,,,,,,,,,,,,,,,,,,,,,
GREEN,,,,,,,,,,,,,,,,,,,,,,,,,,,,,,
,Week 1,,Week 2,,Week 3,,Week 4,,Week 5,,Week 6,,Week 7,,Week 8,,Week 9,,Week 10,,Week 11,,Week 12,,Week 13,,Week 14,,Finale,
Team Rank,4,,9,,10,,8,,8,,4,,4,,2,,1,,1,,1,,1,,1,,1,,,
QB,B. NIX,10.04,J. MCCARTHY,1.92,B. NIX,16.82,B. NIX,33.74,B. NIX,21.98,B. NIX,17.46,B. NIX,45.26,B. NIX,32.88,M. STAFFORD,38.44,M. STAFFORD,37.6,M. STAFFORD,17.6,M. STAFFORD,31.92,M. STAFFORD,15.72,M. STAFFORD,31.84,,
RB,B. ROBINSON,26.6,B. ROBINSON,23,B. ROBINSON,17.4,B. ROBINSON,30.8,J. TAYLOR,33.3,B. ROBINSON,38.7,B. ROBINSON,22.6,B. ROBINSON,6.7,B. ROBINSON,18.8,B. ROBINSON,12.5,B. ROBINSON,33.6,B. ROBINSON,16.1,B. ROBINSON,33.6,B. ROBINSON,11.4,,
RB,J. TAYLOR,14.6,J. TAYLOR,33,J. TAYLOR,35.5,J. TAYLOR,16.3,E. DEMERCADO,6.4,J. TAYLOR,26.8,J. TAYLOR,35.8,J. TAYLOR,39.6,J. TAYLOR,9.1,J. TAYLOR,54.8,D. SWIFT,11.1,J. TAYLOR,10.2,J. TAYLOR,17.2,J. TAYLOR,13.5,,
RB,,,,,,,,,,,,,,,,,,,,,,,,,,,,,,
WR,A. BROWN,1.8,A. BROWN,7.7,A. BROWN,23.9,A. BROWN,2.7,A. BROWN,9.3,A. BROWN,14,A. BROWN,29.1,J. WADDLE,20.9,J. WADDLE,14.2,A. BROWN,3.3,A. BROWN,11.9,A. BROWN,26,A. BROWN,36.2,A. BROWN,17,,
WR,J. WADDLE,7,T. MCMILLAN,17,T. MCMILLAN,7.8,T. MCMILLIAN,10.2,T. MCMILLAN,13.3,J. WADDLE,16.02,J. WADDLE,2.5,T. MCMILLAN,16.9,T. MCMILLAN,8.6,J. WADDLE,19.4,J. WADDLE,8.2,T. MCMILLAN,11.5,T. MCMILLAN,11.3,J. WADDLE,18.2,,
WR,C. SUTTON,18.1,C. SUTTON,1.6,C. SUTTON,24.8,C. SUTTON,19.1,C. SUTTON,17.9,C. SUTTON,2.7,C. SUTTON,16.7,C. SUTTON,10.7,C. SUTTON,10,T. FRANKLIN,15,T. FRANKLIN,12.4,M. WILSON,22.8,T. FRANKLIN,4.1,T. FRANKLIN,4.1,,
WR,,,,,,,,,,,,,,,,,,,,,,,,,,,,,,
TE,S. LAPORTA,13.9,S. LAPORTA,5.6,S. LAPORTA,7.3,T. WARREN,18.5,T. WARREN,14.2,T. WARREN,18.3,S. LAPORTA,4.5,T. WARREN,9.3,T. WARREN,7.6,T. WARREN,17.9,T. JOHNSON,6.6,T. WARREN,9.5,T. WARREN,11.3,T. WARREN,3.8,,
FLEX,J. WARREN,15,J. WARREN,18.8,J. WARREN,14.9,D. SWIFT,17.4,J. WADDLE,24,D. SWIFT,27.9,T. WARREN,16.9,D. SWIFT,16.2,K. MONANGAI,26.4,D. SWIFT,16.1,T. MCMILLAN,34,D. SWIFT,2.7,D. SWIFT,23.6,D. SWIFT,12.5,,
D/ST,TB D/ST,8.37,TB D/ST,11.88,TB D/ST,27.12,TB D/ST,20.8,CLE D/ST,18.38,CLE D/ST,9.02,ATL D/ST,11.74,ATL D/ST,6.43,NE D/ST,10.15,TB D/ST,1.36,TB D/ST,12.05,NE D/ST,17.3,NE D/ST,29.87,TB D/ST,11.95,,
K,J. MYERS,8,J. MYERS,8,J. MYERS,18,J. MYERS,14,J. MYERS,3.5,J. MYERS,11,J. MYERS,9,M. BADGLEY,9,M. BADGLEY,14,M. BADGLEY,7,A. BORREGALES,8.5,A. BORREGALES,19,A. BORRAGALES,13.5,M. PRATER,7,,
HC,TB HC,8.9,TB HC,8,TB HC,10.7,LAR HC,11.1,LAR HC,4.9,LAR HC,9.1,LAR HC,22.5,TB HC,14.9,LAR HC,18.2,LAR HC,18.6,LAR HC,8.3,LAR HC,22.2,LAR HC,6.4,LAR HC,25.5,,
Total Score,132.31,,136.5,,204.24,,194.64,,167.16,,191,,216.6,,183.51,,175.49,,203.56,,164.25,,189.22,,202.79,,156.79,,0,
MVP,B. ROBINSON,26.6,J. TAYLOR,33,J. TAYLOR,35.5,B. NIX,33.74,J. TAYLOR,33.3,B. ROBINSON,38.7,B. NIX,45.26,J. TAYLOR,39.6,M. STAFFORD,38.44,J. TAYLOR,54.8,T. MCMILLAN,34,M. STAFFORD,31.92,A. BROWN,36.2,M. STAFFORD,31.84,#NUM!,#NUM!
#2,C. SUTTON,18.10,B. ROBINSON,23.00,TB D/ST,27.12,B. ROBINSON,30.80,J. WADDLE,24.00,D. SWIFT,27.90,J. TAYLOR,35.80,B. NIX,32.88,K. MONANGAI,26.40,M. STAFFORD,37.60,B. ROBINSON,33.60,A. BROWN,26.00,B. ROBINSON,33.60,LAR HC,25.50,,
#3,J. WARREN,15.00,J. WARREN,18.80,C. SUTTON,24.80,TB D/ST,20.80,B. NIX,21.98,J. TAYLOR,26.80,A. BROWN,29.10,J. WADDLE,20.90,B. ROBINSON,18.80,J. WADDLE,19.40,M. STAFFORD,17.60,M. WILSON,22.80,NE D/ST,29.87,J. WADDLE,18.20,,
,,,,,,,,,,,,,,,,,,,,,,,,,,,,,,
SAVAGES,,,,,,,,,,,,,,,,,,,,,,,,,,,,,,
,Week 1,,Week 2,,Week 3,,Week 4,,Week 5,,Week 6,,Week 7,,Week 8,,Week 9,,Week 10,,Week 11,,Week 12,,Week 13,,Week 14,,Finale,
Team Rank,2,,10,,6,,6,,6,,7,,6,,7,,10,,8,,8,,9,,10,,10,,,
QB,K. MURRAY,25.62,K. MURRAY,17.7,J. GOFF,17.48,J. GOFF,16.92,J. GOFF,29.32,J. GOFF,24.32,J. GOFF,13.94,A. RODGERS,23.16,A. RODGERS,17.32,J. GOFF,35.2,A. RODGERS,12.14,J. GOFF,23.16,J. GOFF,27.54,J. GOFF,22.56,,
RB,A. JEANTY,13.9,A. JEANTY,8.5,T. ETIENNE JR,13.2,T. ETIENNE JR.,22.4,T. ETIENNE JR,10,T. ETIENNE JR,10.7,A. JEANTY,5,J.K. DOBBINS,16.6,T. ETIENNE,18.7,A. JEANTY,17.2,A. JEANTY,10,A. JEANTY,26.5,A. JEANTY,13.6,A. JEANTY,6.8,,
RB,T. TRACY JR,6.5,T. ETIENNE JR,18.3,J. DOBBINS,16.4,J. DOBBINS,14.1,J. DOBBINS,17.4,J. DOBBINS,5.4,T. ETIENNE JR.,7.3,T. ALLGEIER,9.8,J.K. DOBBINS,8.4,J. DOBBINS,11.2,T. ETIENNE,21.2,T. ETIENNE,22.1,T. ETIENNE,6.3,T. ETIENNE,23.2,,
RB,,,,,,,,,,,,,,,,,,,,,,,,,,,,,,
WR,J. CHASE,4.6,J. CHASE,37.5,J. CHASE,9,J. CHASE,7.3,J. CHASE,30,J. CHASE,25.2,J. CHASE,39.1,J. CHASE,21.1,J. CHASE,18.1,D. LONDON,25.4,J. CHASE,6,J. CHASE,0,J. CHASE,19,J. CHASE,10.3,,
WR,D. LONDON,13.5,T. HIGGINS,14.6,D. LONDON,10.5,Q. JOHNSTON,23.8,Q. JOHNSTON,7,D. LONDON,32.8,D. LONDON,8.2,D. LONDON,0,D. LONDON,39.8,Q. JOHNSTON,9.2,D. LONDON,19.9,T. HIGGINS,8.1,T. HIGGINS,0,T. HIGGINS,27.2,,
WR,T. HIGGINS,6.3,K. ALLEN,17.1,K. ALLEN,19.5,K. ALLEN,8.7,K. ALLEN,10.8,K. ALLEN,6.7,K. ALLEN,29.9,K. ALLEN,8.4,K. ALLEN,6.1,K. ALLEN,3.9,T. HIGGINS,15.3,D. MOONEY,16.4,D. MOONEY,4.5,K. ALLEN,5.2,,
WR,,,,,,,,,,,,,,,,,,,,,,,,,,,,,,
TE,T. MCBRIDE,12.1,T. MCBRIDE,13.8,T. MCBRIDE,15.3,T. MCBRIDE,12.2,T. MCBRIDE,9.1,T. MCBRIDE,21.2,T. MCBRIDE,29.4,D. GOEDERT,17.8,T. MCBRIDE,16.5,T. MCBRIDE,28.7,T. MCBRIDE,28.5,T. MCBRIDE,16.9,T. MCBRIDE,22.2,T. MCBRIDE,10.8,,
FLEX,M. GOLDEN,4.15,D. LONDON,5.9,Q. JOHNSTON,14.9,D. LONDON,26,A. JEANTY,17.3,A. JEANTY,18.9,D. GODERT,4.8,T. HIGGINS,11.4,A. JEANTY,21.2,T. ETIENNE,17.3,Q. JOHNSTON,0,D. GOEDERT,4,D. GOEDERT,4.7,D. GOEDERT,15.8,,
D/ST,DET D/ST,8.32,DET D/ST,17.92,DET D/ST,21.5,DET D/ST,36.13,DET D/T,24.23,DET D/ST,10,DET D/ST,23.7,MIN D/ST,4.75,DET D/ST,23.7,DET D/ST,8.24,DET D/ST,8.34,DET D/ST,4.15,DET D/ST,2.73,MIN D/ST,22.39,,
K,M. PRATER,12,C. LITTLE,10,C. LITTLE,3.5,C. LITTLE,7.5,C. LITTLE,10,C. LITTLE,-1,E. PINEIRO,12,E. PINEIRO,1,E. PINEIRO,13,E. PINEIRO,2,E. PINEIRO,14,C. MCLAUGHLIN,1,C. MCLAUGHLIN,11,C. MCLAUGHLIN,9,,
HC,BAL HC,10,BAL HC,20.3,BAL HC,6,BAL HC,0,BAL HC,-9,JAX HC,0.6,JAX HC,-9.9,CIN HC,9.4,CIN HC,9.6,CAR HC,-1.9,CIN HC,-4.4,SF HC,10,SF HC,13.8,SF HC,0,,
Total Score,116.99,,181.62,,147.28,,175.05,,156.15,,154.82,,163.44,,123.41,,192.42,,156.44,,130.98,,132.31,,125.37,,153.25,,0,
MVP,K. MURRAY,25.62,J. CHASE,37.5,DET D/ST,21.5,DET D/ST,36.13,J. CHASE,30,D. LONDON,32.8,J. CHASE,39.1,A. RODGERS,23.16,D. LONDON,39.8,J. GOFF,35.2,T. MCBRIDE,28.5,A. JEANTY,26.5,J. GOFF,27.54,T. HIGGINS,27.2,#NUM!,#NUM!
#2,A. JEANTY,13.90,BAL HC,20.30,K. ALLEN,19.50,D. LONDON,26.00,J. GOFF,29.32,J. CHASE,25.20,K. ALLEN,29.90,J. CHASE,21.10,DET D/ST,23.70,T. MCBRIDE,28.70,T. ETIENNE,21.20,J. GOFF,23.16,T. MCBRIDE,22.20,T. ETIENNE,23.20,,
#3,D. LONDON,13.50,T. ETIENNE JR,18.30,J. GOFF,17.48,Q. JOHNSTON,23.80,DET D/T,24.23,J. GOFF,24.32,T. MCBRIDE,29.40,D. GOEDERT,17.80,A. JEANTY,21.20,D. LONDON,25.40,D. LONDON,19.90,T. ETIENNE,22.10,J. CHASE,19.00,J. GOFF,22.56,,
,,,,,,,,,,,,,,,,,,,,,,,,,,,,,,
CHAMPS,,,,,,,,,,,,,,,,,,,,,,,,,,,,,,
,Week 1,,Week 2,,Week 3,,Week 4,,Week 5,,Week 6,,Week 7,,Week 8,,Week 9,,Week 10,,Week 11,,Week 12,,Week 13,,Week 14,,Finale,
Team Rank,6,,1,,5,,5,,5,,6,,7,,6,,8,,5,,5,,6,,6,,6,,,
QB,J. HERBERT,38.82,J. HERBERT,25.88,J. HERBERT,18.8,J. HERBERT,14.02,J. HERBERT,19.24,J. DANIELS,30.24,J. DANIELS,20.94,J. HERBERT,33.38,J. HERBERT,33.6,J. HERBERT,18.6,J. HERBERT,3.24,J. LOVE,8.76,J. LOVE,35.46,J. LOVE,26.36,,
RB,J. GIBBS,15.9,J. GIBBS,20.6,J. GIBBS,29.1,J. GIBBS,19.2,J. GIBBS,17.9,J. JACOBS,33.8,J. JACOBS,20.1,J. JACOBS,14.8,K. WILLIAMS,20.9,J. JACOBS,21.8,J. JACOBS,4.7,K. WILLIAMS,7.4,K. WILLIAMS,14.5,K. WILLIAMS,19,,
RB,J. JACOBS,15.9,J. JACOBS,16.7,J. JACOBS,14,J. JACOBS,33.9,K. WILLIAMS,32.5,K. WILLIAMS,18,K. WILLIAMS,9.7,C. BROWN,26.7,C. BROWN,20.3,K. WILLIAMS,23.8,K. WILLIAMS,17.8,D. MONTGOMERY,7.2,D. MONTGOMERY,13.4,D. MONTGOMERY,14.9,,
RB,,,,,,,,,,,,,,,,,,,,,,,,,,,,,,
WR,D. ADAMS,9.1,D. ADAMS,23.6,D. ADAMS,14.6,D. ADAMS,15.6,D. ADAMS,13.8,D. ADAMS,7.9,D. ADAMS,26.5,M. PITTMAN JR.,23.5,D. ADAMS,23,D. ADAMS,19.7,D. ADAMS,7.1,D. ADAMS,23.2,D. ADAMS,21.8,D. ADAMS,6.9,,
WR,M. HARRISON JR,18.1,M. HARRISON JR,4.7,M. HARRISON JR,7.4,M. HARRISON JR,18.6,M. HARRISON JR,13.8,M. HARRISON JR.,5.2,M. HARRISON JR.,7.8,T. MCLAURIN,14.4,M. HARRISON,22.6,M. HARRISON,14.3,G. DORTCH,25.1,M. PITTMAN,13.7,M. PITTMAN,2.3,M. PITTMAN,16.9,,
WR,G. WILSON,22.5,G. WILSON,9,G. WILSON,24.4,G. WILSON,20.2,G. WILSON,19.1,M. PITTMAN JR,4,M. PITTMAN JR.,20.8,J. NOEL,11.85,M. PITTMAN,21.5,M. PITTMAN,3.9,C. AUSTIN,2.25,G. DORTCH,23.35,G. DORTCH,5.2,C. AUSTIN,4.7,,
WR,,,,,,,,,,,,,,,,,,,,,,,,,,,,,,
TE,D. NJOKU,6.7,D. NJOKU,8,J. JOHNSON,11.1,J.JOHNSON,5.8,J. JOHNSON,3.7,D. NJOKU,5.8,J. JOHNSON,12.9,D. NJOKU,13.7,J. JOHNSON,12.1,D. NJOKU,10.1,D. NJOKU,1.7,J. JOHNSON,10.6,J. JOHNSON,8.9,J. JOHNSON,7.8,,
FLEX,K. WILLIAMS,15.7,K. WILLIAMS,11.7,D. MONTGOMERY,31.6,D. MONTGOMERY,2.1,D. MONTGOMERY,22.22,G. WILSON,4.3,D. MONTGOMERY,7.2,J. JOHNSON,10.3,D. MONTGOMERY,12.1,D. MONTGOMERY,11.6,D. MONTGOMERY,5.3,C. BROWN,17.9,C. BROWN,19.8,J. JACOBS,19.2,,
D/ST,MIN D/DT,19.09,MIN D/ST,15.23,MIN D/ST,54.64,MIN D/ST,15.24,MIN D/ST,11.3,TEN D/ST,12.3,CAR D/ST,29.05,NYJ D/ST,5.54,LV D/ST,11.6,BAL D/ST,19.07,BAL D/ST,24.83,BAL D/ST,21.3,BAL D/ST,8.1,BAL D/ST,5.97,,
K,C. DICKER,9,C. DICKER,8,C. SANTOS,7,C. DICKER,5,C. DICKER,7,C. DICKER,17,C. DICKER,7,C. SANTOS,10,C. SANTOS,9.5,C. DICKER,14,C. DICKER,8,C. SANTOS,8,C. DICKER,10,C. DICKER,21,,
HC,CIN HC,7.1,CIN HC,11.3,IND HC,20.3,CHI HC,9.5,ARI HC,4.3,PIT HC,10.9,PIT HC,7.3,HOU HC,11.8,BAL HC,16.4,BAL HC,11.1,PIT HC,18.2,BAL HC,10.9,BAL HC,-1.8,BAL HC,3.6,,
Total Score,177.91,,154.71,,232.94,,159.16,,164.86,,149.44,,169.29,,175.97,,203.6,,167.97,,118.22,,152.31,,137.66,,146.33,,0,
MVP,J. HERBERT,38.82,J. HERBERT,25.88,MIN D/ST,54.64,J. JACOBS,33.9,K. WILLIAMS,32.5,J. JACOBS,33.8,CAR D/ST,29.05,J. HERBERT,33.38,J. HERBERT,33.6,K. WILLIAMS,23.8,G. DORTCH,25.1,G. DORTCH,23.35,J. LOVE,35.46,J. LOVE,26.36,#NUM!,#NUM!
#2,G. WILSON,22.50,D. ADAMS,23.60,D. MONTGOMERY,31.60,G. WILSON,20.20,D. MONTGOMERY,22.22,J. DANIELS,30.24,D. ADAMS,26.50,C. BROWN,26.70,D. ADAMS,23.00,J. JACOBS,21.80,BAL D/ST,24.83,D. ADAMS,23.20,D. ADAMS,21.80,C. DICKER,21.00,,
#3,MIN D/DT,19.09,J. GIBBS,20.60,J. GIBBS,29.10,J. GIBBS,19.20,J. HERBERT,19.24,K. WILLIAMS,18.00,J. DANIELS,20.94,M. PITTMAN JR.,23.50,M. HARRISON,22.60,D. ADAMS,19.70,PIT HC,18.20,BAL D/ST,21.30,C. BROWN,19.80,J. JACOBS,19.20,,
,,,,,,,,,,,,,,,,,,,,,,,,,,,,,,
METAMOOKDAWGS,,,,,,,,,,,,,,,,,,,,,,,,,,,,,,
,Week 1,,Week 2,,Week 3,,Week 4,,Week 5,,Week 6,,Week 7,,Week 8,,Week 9,,Week 10,,Week 11,,Week 12,,Week 13,,Week 14,,Finale,
Team Rank,3,,7,,9,,7,,7,,8,,8,,10,,9,,7,,7,,8,,8,,9,,,
QB,J. HURTS,28.68,J. HURTS,14.04,J. HURTS,37.94,J. HURTS,25.5,J. HURTS,25.3,J. HURTS,25.52,J. HURTS,34.44,J. HURTS,35.76,D. MAYE,22.16,J. HURTS,15.32,J. HURTS,15.5,J. HURTS,36.56,J. HURTS,20.7,J. HURTS,-2,,
RB,S. BARKLEY,20.2,S. BARKLEY,19.6,S. BARKLEY,11.3,S. BARKLEY,19.3,S. BARKLEY,18.4,S. BARKLEY,9.9,S. BARKLEY,7,S. BARKLEY,35.8,R.J. HARVEY,19.5,S. BARKLEY,15.3,R. HARVEY,8.9,K. HUNT,24,R. HARVEY,22.5,R. HARVEY,23.7,,
RB,O. HAMPTON,9.6,J. CONNER,13.3,O. HAMPTON,28.3,O. HAMPTON,29.7,O. HAMPTON,14.2,R. HARVEY,6.7,R. HARVEY,7.6,R.J. HARVEY,26.1,K. HUNT,13.6,R. HARVEY,5.95,K. HUNT,14.5,S. TUCKER,6.8,K. HUNT,10.4,K. HUNT,10.2,,
RB,,,,,,,,,,,,,,,,,,,,,,,,,,,,,,
WR,N. COLLINS,5.5,N. COLLINS,14.2,N. COLLINS,23.4,N. COLLINS,11.9,N. COLLINS,16.1,J. SMITH-NJIGBA,31.2,N. COLLINS,6.7,D.K. METCALF,16.5,N. COLLINS,14.5,N. COLLINS,23.6,N. COLLINS,24.2,N. COLLINS,8.5,N. COLLINS,21.6,N. COLLINS,17.1,,
WR,J. SMITH-NJIBA,20.4,J. SMITH-NJIBA,19.3,J. SMITH-NJIGBA,20.6,J. SMITH-NJIGBA,13.3,J. JEUDY,3.5,D. METCALF,19.5,D. METCALF,8,J. JEUDY,0,J. SMITH-NJIGBA,23.1,J. SMITH-NJIGBA,20.3,J. SMITH-NJIGBA,21.7,J. SMITH-NJIGBA,38.2,J. SMITH-NJIGBA,4.3,J. SMITH-NJIGBA,28.2,,
WR,J. JEUDY,11.6,D. METCALF,11,D. METCALF,12.2,D. METCALF,24.6,C. KUPP,11.9,C. KUPP,12,J. JEUDY,3.7,EMPTY,0,D.K. METCALF,2.6,J. JEUDY,19.8,D. METCALF,9.9,D. METCALF,14.6,D. METCALF,6.2,D. METCALF,22.8,,
WR,,,,,,,,,,,,,,,,,,,,,,,,,,,,,,
TE,M. ANDREWS,1.5,M. ANDREWS,1.5,M. ANDREWS,27.1,M. ANDREWS,10,B. STRANGE,3.2,M. ANDREWS,6.9,M. MAYER,2,M. ANDREWS,6.4,M. ANDREWS,16.8,M. ANDREWS,10.4,M. ANDREWS,15.8,M. ANDREWS,2.3,M. ANDREWS,8.7,M. ANDREWS,1.9,,
FLEX,J. CONNER,15.6,O. HAMPTON,4.3,J. CONNER,7.6,J. CONNOR,0,J. SMITH-NJIGBA,28.2,J. JEUDY,9.3,J. SMITH-NJIGBA,27.3,J. SMITH-NJIGBA,0,M. MAYER,5.6,D. METCALF,6.5,S. BARKLEY,12.6,S. BARKLEY,13.4,S. BARKLEY,6.9,S. BARKLEY,21.2,,
D/ST,CHI D/ST,25.21,SEA D/ST,30.05,SEA D/ST,34.72,SEA D/ST,25.95,SEA D/ST,2.8,SEA D/ST,21.4,SEA D/ST,25.16,CHI D/ST,9.49,SEA D/ST,19.9,SEA D/ST,30.35,CHI D/ST,17.28,CHI D/ST,17.7,CHI D/ST,10.86,SEA D/ST,32.4,,
K,C. MCLAUGHLIN,4.5,C. MCLAUGHLIN,0,C. MCLAUGHLIN,23,C. MCLAUGHLIN,21,C. MCLAUGHLIN,12,C. MCLAUGHLIN,5.5,C. MCLAUGHLIN,6,C. MCLAUGHLIN,20,J. BATES,5.5,J. BATES,13,J. BATES,6,J. BATES,13,J. BATES,6,J. BATES,15,,
HC,DEN HC,9,DEN HC,6.4,DEN HC,4,DEN HC,20.4,DEN HC,8.3,DEN HC,5.9,DEN HC,11.9,DEN HC,21.2,DEN HC,7.4,DEN HC,5,DEN HC,8.6,DEN HC,0,CHI HC,10.2,CHI HC,3.3,,
Total Score,151.79,,133.69,,230.16,,201.65,,143.9,,153.82,,139.8,,171.25,,150.66,,165.52,,154.98,,175.06,,128.36,,173.8,,0,
MVP,J. HURTS,28.68,SEA D/ST,30.05,J. HURTS,37.94,O. HAMPTON,29.7,J. SMITH-NJIGBA,28.2,J. SMITH-NJIGBA,31.2,J. HURTS,34.44,S. BARKLEY,35.8,J. SMITH-NJIGBA,23.1,SEA D/ST,30.35,N. COLLINS,24.2,J. SMITH-NJIGBA,38.2,R. HARVEY,22.5,SEA D/ST,32.4,#NUM!,#NUM!
#2,CHI D/ST,25.21,S. BARKLEY,19.60,SEA D/ST,34.72,SEA D/ST,25.95,J. HURTS,25.30,J. HURTS,25.52,J. SMITH-NJIGBA,27.30,J. HURTS,35.76,D. MAYE,22.16,N. COLLINS,23.60,J. SMITH-NJIGBA,21.70,J. HURTS,36.56,N. COLLINS,21.60,J. SMITH-NJIGBA,28.20,,
#3,J. SMITH-NJIBA,20.40,J. SMITH-NJIBA,19.30,O. HAMPTON,28.30,J. HURTS,25.50,S. BARKLEY,18.40,SEA D/ST,21.40,SEA D/ST,25.16,R.J. HARVEY,26.10,SEA D/ST,19.90,J. SMITH-NJIGBA,20.30,CHI D/ST,17.28,K. HUNT,24.00,J. HURTS,20.70,R. HARVEY,23.70,,
,,,,,,,,,,,,,,,,,,,,,,,,,,,,,,
YARDIES,,,,,,,,,,,,,,,,,,,,,,,,,,,,,,
,Week 1,,Week 2,,Week 3,,Week 4,,Week 5,,Week 6,,Week 7,,Week 8,,Week 9,,Week 10,,Week 11,,Week 12,,Week 13,,Week 14,,Finale,
Team Rank,9,,5,,3,,4,,3,,3,,3,,5,,3,,2,,3,,2,,2,,2,,,
QB,J. BURROW,12.02,J. BURROW,9.24,J. LOVE,14.92,J. LOVE,37.38,C. STROUD,40.66,J. LOVE,19.26,C. STROUD,14.46,J. LOVE,39.6,J. LOVE,11.32,C. WILLIAMS,28.7,C. WILLIAMS,10.72,B. PURDY,10.32,J. BURROW,23.94,J. BURROW,32.56,,
RB,D. HENRY,32,D. HENRY,3.4,D. HENRY,11.7,D. HENRY,8.6,D. HENRY,10.8,D. HENRY,17.4,Q. JUDKINS,28.9,D. HENRY,21.2,D. HENRY,16,D. HENRY,13.4,D. HENRY,23,D. HENRY,24.9,D. HENRY,18.4,D. HENRY,13.7,,
RB,J. FORD,2.1,D. SAMPSON,11.3,K. GAINWELL,11.35,Q. JUDKINS,23.6,Q. JUDKINS,17.1,Q. JUDKINS,4.8,R. DOWDLE,12.3,R. DOWDLE,7.65,R. DOWDLE,31.6,R. DOWDLE,17.1,R. DOWDLE,16.9,R. DOWDLE,12,R. DOWDLE,11.7,Q. JUDKINS,10.8,,
RB,,,,,,,,,,,,,,,,,,,,,,,,,,,,,,
WR,J. WILLIAMS,6.7,J. WILLIAMS,19.8,J. WILLIAMS,6.3,J. WILLIAMS,5.8,J. WILLIAMS,2.1,Z. FLOWERS,8.6,J. WILLIAMS,0,Z. FLOWERS,14.2,Z. FLOWERS,11.4,Z. FLOWERS,12.2,Z. FLOWERS,11.4,Z. FLOWERS,12.1,Z. FLOWERS,0.6,Z. FLOWERS,21.7,,
WR,Z. FLOWERS,29.3,R. ODUNZE,32.8,R. ODUNZE,15.2,Z. FLOWERS,14.4,Z. FLOWERS,12.2,R. ODUNZE,5.2,R. ODUNZE,5.1,R. ODUNZE,19.4,R. ODUNZE,0,R. ODUNZE,20.6,R. ODUNZE,6.1,S. DIGGS,4,S. DIGGS,5.6,C. DIKE,15.35,,
WR,R. ODUNZE,15.7,M. MIMS JR,13,C. RIDLEY,3.7,C. RIDLEY,5,S. DIGGS,25.6,S. DIGGS,5.8,S. DIGGS,13.9,C. DIKE,25.25,C. DIKE,18.25,S. DIGGS,15.6,S. DIGGS,20.5,C. DIKE,30.8,C. DIKE,7.6,T. MCLAURIN,7.1,,
WR,,,,,,,,,,,,,,,,,,,,,,,,,,,,,,
TE,B. BOWERS,16.3,B. BOWERS,8.8,B. BOWERS,9.8,B. BOWERS,9.6,D. KINCAID,17.8,M. TAYLOR,1.2,H. FANNIN JR.,7.6,O. GADSDEN II,18.7,B. BOWERS,44.4,B. BOWERS,3.8,B. BOWERS,14.2,B. BOWERS,11.5,B. BOWERS,22.3,B. BOWERS,14.6,,
FLEX,A. EKELER,9.3,Z. FLOWERS,15,Z. FLOWERS,3.3,R. ODUNZE,16.9,R. DOWDLE,36.7,R. DOWDLE,37.9,K. VIDAL,8.4,K. VIDAL,23,K. VIDAL,4.2,Q. JUDKINS,12.7,Q. JUDKINS,7.6,Q. JUDKINS,18.3,Q. JUDKINS,18.2,C. SUTTON,12.2,,
D/ST,HOU D/ST,14.15,BAL D/ST,25.79,HOU D/ST,13.53,HOU D/ST,17.5,HOU D/ST,19.86,GB D/ST,11.72,GB D/ST,19.75,GB D/ST,17.31,GB D/ST,13.88,HOU D/ST,27.19,HOU D/ST,19.59,GB D/ST,27.98,HOU D/ST,12.99,HOU D/ST,21.73,,
K,C. BOSWELL,19,C. BOSWELL,12,C. BOSWELL,3,N. FOLK,13,N. FOLK,7,C. BOSWELL,15,C. BOSWELL,8,C. BOSWELL,23,C. BOSWELL,10,C. BOSWELL,5.5,C. BOSWELL,10,C. BOSWELL,4,C. BOSWELL,1,C. BOSWELL,9,,
HC,DET HC,-0.1,DET HC,27.6,DET HC,14.40,DET HC,18.2,DET HC,15.1,DET HC,1.1,DET HC,13.2,ATL HC,-5,DET HC,5.2,DET HC,21.2,DET HC,-0.3,DET HC,13.2,DET HC,4.2,DET HC,17.2,,
Total Score,156.47,,178.73,,107.2,,169.98,,204.92,,127.98,,131.61,,204.31,,166.25,,177.99,,139.71,,169.1,,126.53,,175.94,,0,
MVP,D. HENRY,32,R. ODUNZE,32.8,R. ODUNZE,15.2,J. LOVE,37.38,C. STROUD,40.66,R. DOWDLE,37.9,Q. JUDKINS,28.9,J. LOVE,39.6,B. BOWERS,44.4,C. WILLIAMS,28.7,D. HENRY,23,C. DIKE,30.8,J. BURROW,23.94,J. BURROW,32.56,#NUM!,#NUM!
#2,Z. FLOWERS,29.30,DET HC,27.60,J. LOVE,14.92,Q. JUDKINS,23.60,R. DOWDLE,36.70,J. LOVE,19.26,GB D/ST,19.75,C. DIKE,25.25,R. DOWDLE,31.60,HOU D/ST,27.19,S. DIGGS,20.50,GB D/ST,27.98,B. BOWERS,22.30,HOU D/ST,21.73,,
#3,C. BOSWELL,19.00,BAL D/ST,25.79,DET HC,14.40,DET HC,18.20,S. DIGGS,25.60,D. HENRY,17.40,C. STROUD,14.46,K. VIDAL,23.00,C. DIKE,18.25,DET HC,21.20,HOU D/ST,19.59,D. HENRY,24.90,D. HENRY,18.40,Z. FLOWERS,21.70,,
,,,,,,,,,,,,,,,,,,,,,,,,,,,,,,
MUTTS,,,,,,,,,,,,,,,,,,,,,,,,,,,,,,
,Week 1,,Week 2,,Week 3,,Week 4,,Week 5,,Week 6,,Week 7,,Week 8,,Week 9,,Week 10,,Week 11,,Week 12,,Week 13,,Week 14,,Finale,
Team Rank,8,,2,,1,,2,,2,,2,,1,,1,,2,,3,,2,,4,,3,,4,,,
QB,L. JACKSON,35.76,L. JACKSON,36.3,L. JACKSON,36.72,L. JACKSON,14.08,D. JONES,22.98,T. LAWRENCE,25.92,T. LAWRENCE,19.44,T. LAWRENCE,0,L. JACKSON,36.66,L. JACKSON,20.54,L. JACKSON,4.12,L. JACKSON,8.52,L. JACKSON,6.74,L. JACKSON,23.56,,
RB,C. HUBBARD,19.5,C.HUBBARD,19.7,J. COOK,23.7,J. COOK,25.7,J. COOK,6.4,J. COOK III,10.4,B. HALL,8.3,J. COOK III,37.5,J. COOK,17.2,J. COOK,12,J. COOK,22,J. COOK,24.6,J. COOK,22.9,J. COOK,12.9,,
RB,A. JONES SR,16.5,B. HALL,6.8,C. HUBBARD,11.3,C. SKATTEBO,15.5,C. SKATTEBO,15.9,C. SKATTEBO,32.9,C. SKATTEBO,20,B. HALL,37.86,A. JONES,12.7,B. HALL,21.6,A. JONES,12.7,A. JONES,9.6,A. JONES,5.1,A. JONES,9,,
RB,,,,,,,,,,,,,,,,,,,,,,,,,,,,,,
WR,A. ST. BROWN,8.5,A. ST. BROWN,40.4,A. ST. BROWN,20.7,A. ST. BROWN,26,A. ST. BROWN,19,A. ST. BROWN,13.8,A. ST. BROWN,20.6,A. ST. BROWN,0,A. ST. BROWN,18.7,A. ST. BROWN,16.8,A. ST. BROWN,6.2,A. ST. BROWN,30.9,A. ST. BROWN,0,D. SAMUEL,11.05,,
WR,M. EVANS,10.1,M. EVANS,10.6,M. EVANS,13.3,D. SAMUEL,20.4,D. SAMUEL,23.6,D. SAMUEL,5.5,M. EVANS,0,D. SAMUEL,4.3,D. SAMUEL,11,D. SAMUEL,12.9,D. SAMUEL,20.8,C. OLAVE,16,C. OLAVE,14.7,C. OLAVE,6,,
WR,D. SAMUEL,25.2,D. SAMUEL,21.3,D. SAMUEL,9.85,C. OLAVE,8,C. OLAVE,12.9,C. OLAVE,15.8,C. OLAVE,26.8,C. OLAVE,14.1,C. OLAVE,8.7,C. OLAVE,22.4,J. JENNINGS,9.4,J. JENNINGS,15.1,J. JENNINGS,13.9,B. THOMAS,11.7,,
WR,,,,,,,,,,,,,,,,,,,,,,,,,,,,,,
TE,E. ENGRAM,5.1,J. FERGUSON,16.8,J. FERGUSON,21.2,J. FERGUSON,17,J. FERGUSON,23.9,J. FERGUSON,12.3,J. FERGUSON,21.9,J. FERGUSON,0,J. FERGUSON,8,E. ENGRAM,3.2,J. FERGUSON,11.6,J. FERGUSON,11.2,J. FERGUSON,8.6,J. FERGUSON,10.8,,
FLEX,J. COOK,22.5,J. COOK,29.6,B. HALL,10.1,B. HALL,17.5,B. HALL,19.9,B. HALL,8.1,C. HUBBARD,8.9,C. SKATTEBO,10.3,C. HUBBARD,2.2,J. JENNINGS,17.1,B. HALL,9.8,B. HALL,15.5,B. HALL,17.5,B. HALL,5.7,,
D/ST,PIT D/ST,8.25,PIT D/ST,8.9,GB D/ST,16.54,PIT D/ST,25.72,LAC D/ST,6.4,PIT D/ST,23.1,PIT D/ST,5.11,PIT D/ST,-2.17,LAC D/ST,19.32,LAC D/ST,27.2,LAC D/ST,4.15,PIT D/ST,16.07,LAC D/ST,24.84,LAC D/ST,24.55,,
K,B. AUBREY,12,B. AUBREY,27,B. AUBREY,9,DAL D/ST,8,B. AUBREY,7,B. AUBREY,9,B. AUBREY,21,B. AUBREY,6,B. AUBREY,4.5,C. MCLAUGHLIN,5,B. AUBREY,10,B. AUBREY,6,B. AUBREY,12,B. AUBREY,29,,
HC,PIT HC,12.2,BUF HC,17,BUF HC,13.3,BUF HC,13.3,BUF HC,4,DAL HC,6.1,DAL HC,21.2,BUF HC,24,DAL HC,1.1,BUF HC,-2.1,DAL HC,15.9,BUF HC,3.7,BUF HC,13.8,BUF HC,14.7,,
Total Score,175.61,,234.4,,185.71,,191.2,,161.98,,162.92,,173.25,,131.89,,140.08,,156.64,,126.67,,157.19,,140.08,,158.96,,0,
MVP,L. JACKSON,35.76,A. ST. BROWN,40.4,L. JACKSON,36.72,A. ST. BROWN,26,J. FERGUSON,23.9,C. SKATTEBO,32.9,C. OLAVE,26.8,B. HALL,37.86,L. JACKSON,36.66,LAC D/ST,27.2,J. COOK,22,A. ST. BROWN,30.9,LAC D/ST,24.84,B. AUBREY,29,#NUM!,#NUM!
#2,D. SAMUEL,25.20,L. JACKSON,36.30,J. COOK,23.70,PIT D/ST,25.72,D. SAMUEL,23.60,T. LAWRENCE,25.92,J. FERGUSON,21.90,J. COOK III,37.50,LAC D/ST,19.32,C. OLAVE,22.40,D. SAMUEL,20.80,J. COOK,24.60,J. COOK,22.90,LAC D/ST,24.55,,
#3,J. COOK,22.50,J. COOK,29.60,J. FERGUSON,21.20,J. COOK,25.70,D. JONES,22.98,PIT D/ST,23.10,DAL HC,21.20,BUF HC,24.00,A. ST. BROWN,18.70,B. HALL,21.60,DAL HC,15.90,PIT D/ST,16.07,B. HALL,17.50,L. JACKSON,23.56,,
,,,,,,,,,,,,,,,,,,,,,,,,,,,,,,
EAGLES,,,,,,,,,,,,,,,,,,,,,,,,,,,,,,
,Week 1,,Week 2,,Week 3,,Week 4,,Week 5,,Week 6,,Week 7,,Week 8,,Week 9,,Week 10,,Week 11,,Week 12,,Week 13,,Week 14,,Finale,
Team Rank,7,,8,,8,,10,,10,,10,,10,,9,,7,,10,,10,,7,,9,,8,,,
QB,J. ALLEN,49.16,J. ALLEN,13.02,J. ALLEN,32.62,J. ALLEN,30.76,J. ALLEN,26.12,J. ALLEN,19.2,D. JONES,29.12,D. JONES,31.88,D. JONES,17.38,J. ALLEN,27.14,J. ALLEN,50.28,J. ALLEN,9.82,J. ALLEN,20.12,J. ALLEN,47.94,,
RB,A. KAMARA,14.8,A. KAMARA,18.1,A. KAMARA,8.4,A. KAMARA,12.7,A. KAMARA,10.3,J. WILLIAMS,9.7,J. WILLIAMS,21.7,R. STEVENSON,7.3,J. WILLIAMS,8.8,J. CROSKEY-MERRITT,4.1,J. WILLIAMS,12.5,JA. WILLIAMS,14.1,JA. WILLIAMS,18.7,JA. WILLIAMS,16.4,,
RB,T. POLLARD,9.7,T. POLLARD,11.2,J. WILLIAMS,13.2,J. WILLIAMS,21,J. WILLIAMS,29.5,J. CROSKEY-MERRITT,7.5,J. CROSKEY-MERRITT,5.5,J. WILLIAMS,19.2,J. CROSKEY-MERRITT,6.3,W. MARKS,17.5,W. MARKS,7.9,W. MARKS,9.5,W. MARKS,9.6,W. MARKS,18.2,,
RB,,,,,,,,,,,,,,,,,,,,,,,,,,,,,,
WR,M. NABERS,12.1,M. NABERS,38.7,M. NABERS,3.3,X. WORTHY,17.3,X. WORTHY,11.2,X. WORTHY,10.7,X. WORTHY,7.9,X. WORTHY,10.3,X. WORTHY,6.1,M. WASHINGTON,11.25,G. PICKENS,30.4,G. PICKENS,30.6,G. PICKENS,16.8,G. PICKENS,8.7,,
WR,X. WORTHY,0.1,D. SMITH,9.3,D. DOUGLAS,2.7,T. FRANKLIN,9.5,T. FRANKLIN,8.5,M. WASHINGTON,14.45,M. WASHINGTON,14.25,M. WASHINGTON,14.05,M. WASHINGTON,9.3,J. DOWNS,2.9,M. WASHINGTON,8.4,J. DOWNS,3,M. WASHINGTON,9.5,M. WASHINGTON,6.85,,
WR,D. SMITH,4.6,D. DOUGLAS,1.8,T. FRANKLIN,2.8,M. WASHINGTON,9.1,M. WASHINGTON,10.35,M. GOLDEN,13.4,M. GOLDEN,7.7,J. DOWNS,12.9,J. DOWNS,16.85,J. WILLIAMS,24.9,J. WILLIAMS,19.8,JM. WILLIAMS,0,JM. WILLIAMS,28,JM. WILLIAMS,17.4,,
WR,,,,,,,,,,,,,,,,,,,,,,,,,,,,,,
TE,G. KITTLE,12.5,G. KITTLE,0,Z. ERTZ,6.8,Z. ERTZ,6.1,Z. ERTZ,0,Z. ERTZ,16.3,Z. ERTZ,12.7,G. KITTLE,14.3,G. KITTLE,7,G. KITTLE,23.4,G. KITTLE,24.7,G. KITTLE,13.8,G. KITTLE,10.7,Z. ERTZ,2.1,,
FLEX,G. PICKENS,6,G. PICKENS,17.8,G. PICKENS,17.8,G. PICKENS,34.4,G. PICKENS,13.7,G. PICKENS,32.8,G. PICKENS,12.2,G. PICKENS,14.8,G. PICKENS,13.9,Z. ERTZ,9.4,Z. ERTZ,8.2,C. WATSON,9.9,C. WATSON,18.4,C. WATSON,24.9,,
D/ST,DEN D/ST,31.86,DEN D/ST,-1.9,DEN D/ST,28.53,DEN D/ST,17.82,DEN D/ST,20.51,DEN D/ST,33.08,DEN D/ST,13.12,DEN D/ST,19.03,DEN D/ST,17.2,DEN D/ST,27.67,DEN D/ST,24.03,NYG D/ST,5.1,DEN D/ST,12.7,DEN D/ST,22.79,,
K,J. BATES,7,J. BATES,9,J. BATES,8.5,J. BATES,14,J. BATES,5,J. BATES,5,J. BATES,8,W. LUTZ,9,W. LUTZ,3,W. LUTZ,3,W. LUTZ,19,H. MEVIS,14,H. MEVIS,4,H. MEVIS,9,,
HC,KC HC,3.3,KC HC,3.1,KC HC,10.6,GB HC,11,KC HC,6.4,KC HC,13,KC HC,21.3,KC HC,16.4,KC HC,3.3,GB HC,0.1,GB HC,11.1,GB HC,12.9,GB HC,12.3,GB HC,11.4,,
Total Score,151.12,,120.12,,135.25,,183.68,,141.58,,175.13,,153.49,,169.16,,109.13,,151.36,,216.31,,122.72,,160.82,,185.68,,0,
MVP,J. ALLEN,49.16,M. NABERS,38.7,J. ALLEN,32.62,G. PICKENS,34.4,J. WILLIAMS,29.5,DEN D/ST,33.08,D. JONES,29.12,D. JONES,31.88,D. JONES,17.38,DEN D/ST,27.67,J. ALLEN,50.28,G. PICKENS,30.6,JM. WILLIAMS,28,J. ALLEN,47.94,#NUM!,#NUM!
#2,DEN D/ST,31.86,A. KAMARA,18.10,DEN D/ST,28.53,J. ALLEN,30.76,J. ALLEN,26.12,G. PICKENS,32.80,J. WILLIAMS,21.70,J. WILLIAMS,19.20,DEN D/ST,17.20,J. ALLEN,27.14,G. PICKENS,30.40,JA. WILLIAMS,14.10,J. ALLEN,20.12,C. WATSON,24.90,,
#3,A. KAMARA,14.80,G. PICKENS,17.80,G. PICKENS,17.80,J. WILLIAMS,21.00,DEN D/ST,20.51,J. ALLEN,19.20,KC HC,21.30,DEN D/ST,19.03,J. DOWNS,16.85,J. WILLIAMS,24.90,G. KITTLE,24.70,H. MEVIS,14.00,JA. WILLIAMS,18.70,DEN D/ST,22.79,,
,,,,,,,,,,,,,,,,,,,,,,,,,,,,,,
KINGS,,,,,,,,,,,,,,,,,,,,,,,,,,,,,,
,Week 1,,Week 2,,Week 3,,Week 4,,Week 5,,Week 6,,Week 7,,Week 8,,Week 9,,Week 10,,Week 11,,Week 12,,Week 13,,Week 14,,Finale,
Team Rank,10,,6,,7,,9,,9,,9,,9,,8,,6,,9,,9,,10,,7,,7,,,
QB,P. MAHOMES,30.42,P. MAHOMES,24.58,P. MAHOMES,17.06,P. MAHOMES,38.3,P. MAHOMES,32.92,P. MAHOMES,41.28,P. MAHOMES,36.04,P. MAHOMES,30.96,P. MAHOMES,9,J. MCCARTHY,15.22,P. MAHOMES,17.24,P. MAHOMES,20.08,P. MAHOMES,40.14,P. MAHOMES,3.6,,
RB,C. MCCAFFREY,25.4,C. MCCAFFREY,24,C. MCCAFFREY,25.7,C. MCCAFFREY,27.8,C. MCCAFFREY,30.1,C. MCCAFFREY,25.8,C. MCCAFFREY,42.5,C. MCCAFFREY,10.6,C. MCCAFFREY,38.1,C. MCCAFFREY,18.8,C. MCCAFFREY,36.4,C. MCCAFFREY,29.6,C. MCCAFFREY,19.2,N. CHUBB,0.4,,
RB,N. CHUBB,7.3,N. CHUBB,16.4,N. CHUBB,7.9,N. CHUBB,9.5,N. CHUBB,13.2,Z. CHARBONNET,5.9,Z. CHARBONNET,20.7,K. GAINWELL,8.5,K. GAINWELL,7.7,K. GAINWELL,5.45,K. GAINWELL,31.6,K. GAINWELL,20.1,K. GAINWELL,8.3,K. GAINWELL,20.05,,
RB,,,,,,,,,,,,,,,,,,,,,,,,,,,,,,
WR,T. HILL,8,T. HILL,18.85,T. HILL,15.9,T. HILL,12.7,L. MCCONKEY,14.9,L. MCCONKEY,24,L. MCCONKEY,15.7,L. MCCONKEY,20.8,L. MCCONKEY,9.6,L. MCCONKEY,21.7,L. MCCONKEY,4.3,D. MOORE,23.4,D. MOORE,4.8,L. MCCONKEY,2.2,,
WR,L. MCCONKEY,13.4,L. MCCONKEY,9.8,L. MCCONKEY,8.6,L. MCCONKEY,2.1,J. ADDISON,15.1,T. TUCKER,12,J. ADDISON,22.8,J. ADDISON,11.6,D.J. MOORE,25.28,D. MOORE,0,J. ADDISON,10,J. ADDISON,0,J. ADDISON,8.6,D. MOORE,0.6,,
WR,D. MOORE,8.9,D. MOORE,9.6,D. MOORE,13.1,D. MOORE,7.8,K. SHAKIR,11.1,K. SHAKIR,6.3,T. TUCKER,8.3,K. SHAKIR,21.2,J. ADDISON,8.5,J. ADDISON,6.5,T. TUCKER,14.9,T. TUCKER,5.8,T. TUCKER,5,J. ADDISON,10.2,,
WR,,,,,,,,,,,,,,,,,,,,,,,,,,,,,,
TE,H. HENRY,10.6,H. HENRY,1.9,H. HENRY,29,H. HENRY,11.9,H. HENRY,6.6,H. HENRY,5.7,H. HENRY,7.3,C. OTTON,8,H. HENRY,9.1,H. HENRY,1.9,H. HENRY,8.5,H. HENRY,25.5,H. HENRY,11.3,H. HENRY,0,,
FLEX,T. HUNTER,9.3,T. HUNTER,5.2,T. HUNTER,3.1,T. TUCKER,4.75,T. TUCKER,11.2,K. GAINWELL,11.4,K. GAINWELL,8.2,D.J. MOORE,11.8,K. SHAKIR,12,K. SHAKIR,13.15,K. SHAKIR,0.7,K. SHAKIR,18.75,K. SHAKIR,1.5,K. SHAKIR,10.05,,
D/ST,PHI D/ST,4.6,PHI D/ST,16.57,PHI D/ST,16.75,PHI D/ST,25.64,PHI D/ST,9.7,PHI D/ST,4.48,PHI D/ST,22.3,PHI D/ST,18.31,SF D/ST,12.32,SF D/ST,-4.04,SF D/ST,8.72,SF D/ST,21,SF D/ST,21.72,PHI D/ST,37.27,,
K,H. BUTKER,12,H. BUTKER,7,H. BUTKER,12.5,H. BUTKER,12,H. BUTKER,4,H. BUTKER,6,H. BUTKER,7,H. BUTKER,4,H. BUTKER,8,J. MYERS,15,J. MYERS,15.5,J. MYERS,13,J. MYERS,21,J. MYERS,14,,
HC,WSH HC,12.3,WSH HC,2.4,WSH HC,18.3,WSH HC,5.1,IND HC,24,IND HC,11.3,IND HC,15.4,IND HC,19.4,IND HC,3,IND HC,12.3,WSH HC,1.9,IND HC,4,IND HC,2.8,IND HC,-0.3,,
Total Score,142.22,,136.3,,167.91,,157.59,,172.82,,154.16,,206.24,,165.17,,142.6,,105.98,,149.76,,181.23,,144.36,,98.07,,0,
MVP,P. MAHOMES,30.42,P. MAHOMES,24.58,H. HENRY,29,P. MAHOMES,38.3,P. MAHOMES,32.92,P. MAHOMES,41.28,C. MCCAFFREY,42.5,P. MAHOMES,30.96,C. MCCAFFREY,38.1,L. MCCONKEY,21.7,C. MCCAFFREY,36.4,C. MCCAFFREY,29.6,P. MAHOMES,40.14,PHI D/ST,37.27,#NUM!,#NUM!
#2,C. MCCAFFREY,25.40,C. MCCAFFREY,24.00,C. MCCAFFREY,25.70,C. MCCAFFREY,27.80,C. MCCAFFREY,30.10,C. MCCAFFREY,25.80,P. MAHOMES,36.04,K. SHAKIR,21.20,D.J. MOORE,25.28,C. MCCAFFREY,18.80,K. GAINWELL,31.60,H. HENRY,25.50,SF D/ST,21.72,K. GAINWELL,20.05,,
#3,L. MCCONKEY,13.40,T. HILL,18.85,WSH HC,18.30,PHI D/ST,25.64,IND HC,24.00,L. MCCONKEY,24.00,J. ADDISON,22.80,L. MCCONKEY,20.80,SF D/ST,12.32,J. MCCARTHY,15.22,P. MAHOMES,17.24,D. MOORE,23.40,J. MYERS,21.00,J. MYERS,14.00,,