"walk ","WEEK","GAME","TEAM 1 RANK","DIVISON","Away Team","TEAM 1 SCORE","Home Team","TEAM 2","DIVISON","TEAM 2 RANK","MOTW RANKING","GAME #","WINNER","OPPOSING TEAM","BLOWOUT","SCORE GAP","COMBINED SCORE","MOTW","TEAM WITH HIGHEST SCORE","UPSET","Week","","","","","","","","","","","","LOW SCORE GAP RANK","HIGH SCORE GAP RANK","LOW COMBINED SCORE RANK","HIGH COMBINED SCORE RANK","GAME QUALITY","BEST GAME QUALITY RANK","WORST GAME QUALITY RANK","","MOTW BEST GAME QUALITY RANK","MOTW RANKING","UPSET MOTW RANK","UPSET RANK","","","Top 5 Greatest 2025 MOTW Regular Season Games - PVE FFL","","","","","","","","","","","Rank","Team Name","Overall Wins","Overall Losses","Overall Win %","Division Name","Divisional Wins","Divisonal Losses","Divisional Win %","MOTW Wins","MOTW Losses","MOTW Win %","MOTW GAMES PLAY","MOTW RANK","UPSETS","","BLOWOUTS","AWAY Wins","AWAY Losses","Away Win %","HOME Wins","HOME Losses","HOME Win %","","Schedule Competivness","SOS L","SOS R",""
"1","WEEK 1","GAME 1","10","PRODIGY","KINGS","142.22","156.47","YARDIES","ESTEEMED","9","11.71","4","YARDIES","KINGS","","14.25","298.69","","","","1","0","0","","Closest Score Game, Winner","","","0.20","MUTTS","WEEK 10","","","14","57","21","50","32.0","29","42","-","UPCOMING","28.00","NO UPSET","-","","","","","","Week","Winner","Opposing Team","Game Ref #","","","MOTW","","2","DECOUPES","9","5","0.643","PRODIGY","5","3","0.625","0","2","0.000","2","6","4","","4","5","2","0.714","4","3","0.571","","12.30","10.83560606","13.76925376","4"
"2","WEEK 1","GAME 2","8","ESTEEMED","MUTTS","175.61","151.79","METAMOOKDAWGS","ESTEEMED","3","16.54","5","MUTTS","METAMOOKDAWGS","","23.82","327.40","","","UPSET","1","1","0","","Biggiest Blowout Game, Winner","","","136.87","CHAMPS","WEEK 3","","","21","50","40","31","26.0","18","53","-","UPCOMING","50.00","16.54","12.00","","","1","6.50","2025","WEEK 3","POPEYES","MUTTS","2025 REG, PVE FFL GAME 12","10.51","381.93","MOTW","","4","POPEYES","7","7","0.500","PRODIGY","2","6","0.250","3","1","0.750","4","3","2","","2","4","3","0.571","3","4","0.429","","11.42","11.9121109","10.93662131","1"
"3","WEEK 1","GAME 3","7","ESTEEMED","EAGLES","151.12","177.91","CHAMPS","ESTEEMED","6","8.71","3","CHAMPS","EAGLES","","26.79","329.03","","","","1","0","0","","Highest Combined Score Game, Winner","","","422.51","DECOUPES","WEEK 12","","","25","46","42","29","27.0","22","49","-","UPCOMING","14.00","NO UPSET","-","","","2","14.50","2025","WEEK 10","POPEYES","YARDIES","2025 REG, PVE FFL GAME 47","24.14","380.12","MOTW","","1","GREEN","12","2","0.857","PRODIGY","6","2","0.750","4","0","1.000","4","2","2","","5","6","1","0.857","6","1","0.857","","12.11","10.63357555","13.58455473","3"
"4","WEEK 1","GAME 4","5","PRODIGY","DECOUPES","161.60","132.31","GREEN","PRODIGY","4","6.71","2","DECOUPES","GREEN","","29.29","293.91","","","UPSET","1","1","0","","","","","","","","","","27","44","19","52","39.5","45","26","-","UPCOMING","7.00","6.71","28.00","","","3","15.50","2025","WEEK 5","GREEN","CHAMPS","2025 REG, PVE FFL GAME 25","2.30","332.02","MOTW","","7","SAVAGES","5","9","0.357","PRODIGY","2","6","0.250","0","2","0.000","2","6","3","","2","2","5","0.286","3","4","0.429","","12.81","14.07947846","11.53256029","6"
"5","WEEK 1","GAME 5","2","PRODIGY","SAVAGES","116.99","156.56","POPEYES","PRODIGY","1","3.71","1","POPEYES","SAVAGES","","39.57","273.55","MOTW","","","1","0","1","","Highest Combined Score Game, Loser","","","422.51","METAMOOKDAWGS","","DECOUPES","METAMOOKDAWGS","42","29","7","64","53.0","62","9","53","14","2.00","NO UPSET","-","","","4","18.50","2025","WEEK 9","GREEN","POPEYES","2025 REG, PVE FFL GAME 41","12.62","338.36","MOTW","","7","KINGS","5","9","0.357","PRODIGY","5","3","0.625","0","1","0.000","1","9","5","","5","2","5","0.286","3","4","0.429","","14.28","12.87744795","15.68556998","9"
"6","WEEK 2","GAME 1","7","ESTEEMED","METAMOOKDAWGS","133.69","178.73","YARDIES","ESTEEMED","5","10.41","2","YARDIES","METAMOOKDAWGS","YES","45.04","312.42","","","","2","0","0","","Highest Rank Game, Winner","","","3.71","POPEYES","WEEK 1","","","48","23","32","39","43.5","48","23","-","UPCOMING","22.00","NO UPSET","-","","","5","20.00","2025","WEEK 8","GREEN","DECOUPES","2025 REG, PVE FFL GAME 37","22.65","344.37","MOTW","","6","CHAMPS","6","8","0.429","ESTEEMED","4","4","0.500","1","3","0.250","4","5","2","","3","2","5","0.286","4","3","0.571","","12.05","12.40703463","11.69274891","2"
"7","WEEK 2","GAME 2","1","ESTEEMED","CHAMPS","154.71","234.40","MUTTS","ESTEEMED","2","3.71","1","MUTTS","CHAMPS","YES","79.69","389.11","MOTW","","UPSET","2","0","0","","Highest Rank Game, Loser","","","3.71","SAVAGES","","SAVAGES","POPEYES","67","4","68","3","35.0","37","34","35","9","1.00","3.71","30.00","","","","","","","","","","","","","","9","METAMOOKDAWGS","4","10","0.286","ESTEEMED","2","6","0.250","0","1","0.000","1","9","4","","2","3","4","0.429","1","6","0.143","","13.12","13.2223356","13.02030509","7"
"8","WEEK 2","GAME 3","4","PRODIGY","POPEYES","156.22","120.12","EAGLES","ESTEEMED","8","14.83","5","POPEYES","EAGLES","","36.10","276.34","","","","2","1","1","","Biggest Upset","","","25.36","KINGS","METAMOOKDAWGS","WEEK 8","","38","33","9","62","50.0","60","11","-","UPCOMING","47.00","NO UPSET","-","","","","","","","","","","","","","","2","YARDIES","9","5","0.643","ESTEEMED","5","3","0.625","3","2","0.600","5","1","1","","2","6","1","0.857","3","4","0.429","","12.45","12.99579468","11.89477942","5"
"9","WEEK 2","GAME 4","6","PRODIGY","KINGS","136.30","165.71","DECOUPES","PRODIGY","3","11.12","3","DECOUPES","KINGS","","29.41","302.01","","","","2","0","0","","","","","","","","","","28","43","23","48","38.0","41","30","-","UPCOMING","25.00","NO UPSET","-","","","","","","Week","Winner","Opposing Team","Game Ref #","","","MOTW","","4","MUTTS","7","7","0.500","ESTEEMED","5","3","0.625","2","2","0.500","4","4","2","","1","3","4","0.429","4","3","0.571","","13.53","13.98861575","13.07229952","8"
"10","WEEK 2","GAME 5","9","PRODIGY","GREEN","136.50","181.62","SAVAGES","PRODIGY","10","11.71","4","SAVAGES","GREEN","YES","45.12","318.12","","","UPSET","2","0","0","","","","","","WEEK 8","","","","49","22","35","36","42.5","46","25","-","UPCOMING","30.00","11.71","20.00","","","1","6.50","2025","WEEK 3","POPEYES","MUTTS","2025 REG, PVE FFL GAME 12","10.51","381.93","MOTW","","6","EAGLES","6","8","0.429","ESTEEMED","4","4","0.500","1","0","1.000","1","8","5","","2","3","4","0.429","3","4","0.429","","15.34","16.45902906","14.2223356","10"
"11","WEEK 3","GAME 1","9","ESTEEMED","METAMOOKDAWGS","230.16","167.91","KINGS","PRODIGY","7","12.41","4","METAMOOKDAWGS","KINGS","YES","62.25","398.07","","","UPSET","3","1","0","","","","","","","","","","62","9","69","2","32.0","30","41","-","UPCOMING","38.00","12.41","15.00","","","2","9.50","2025","WEEK 4","GREEN","EAGLES","2025 REG, PVE FFL GAME 19","10.96","378.32","","","","","","","","","","","","","","","","","","","","","","","","","","","","","",""
"12","WEEK 3","GAME 2","1","ESTEEMED","MUTTS","185.71","196.22","POPEYES","PRODIGY","4","9.12","1","POPEYES","MUTTS","","10.51","381.93","MOTW","","UPSET","3","0","1","","","","","","","","","","8","63","66","5","6.5","1","70","6.5","1","15.00","9.12","25.00","","","3","12.50","2025","WEEK 14","EAGLES","METAMOOKDAWGS","2025 REG, PVE FFL GAME 70","11.88","359.48","","","","","","","","","","","","","","","","","","","","","","","","","","","","","",""
"13","WEEK 3","GAME 3","5","ESTEEMED","CHAMPS","232.94","96.07","DECOUPES","PRODIGY","2","10.12","2","CHAMPS","DECOUPES","YES","136.87","329.01","","","UPSET","3","1","0","","","","","","","","","","70","1","41","30","50.0","61","10","-","UPCOMING","21.00","10.12","23.00","","","4","14.50","2025","WEEK 10","POPEYES","YARDIES","2025 REG, PVE FFL GAME 47","24.14","380.12","MOTW","","","","","","","","","","","","","","","","","","","","","","","","","","","","",""
"14","WEEK 3","GAME 4","10","PRODIGY","GREEN","204.24","107.20","YARDIES","ESTEEMED","3","21.95","5","GREEN","YARDIES","YES","97.04","311.44","","","UPSET","3","1","0","","","","","","","","","","69","2","30","41","55.0","66","5","-","UPCOMING","67.00","21.95","3.00","","","5","15.50","2025","WEEK 5","GREEN","CHAMPS","2025 REG, PVE FFL GAME 25","2.30","332.02","MOTW","","","","","","","","","","","","","","","","","","","","","","","","","","","","",""
"15","WEEK 3","GAME 5","6","PRODIGY","SAVAGES","147.28","135.25","EAGLES","ESTEEMED","8","11.41","3","SAVAGES","EAGLES","","12.03","282.53","","","","3","1","0","","","","","","","","","","11","60","12","59","35.0","36","35","-","UPCOMING","26.00","NO UPSET","-","","","","","","","","","","","","","","","","","","","","","","","","","","","","","","","","","","","","","","","","",""
"16","WEEK 4","GAME 1","9","PRODIGY","KINGS","157.59","191.20","MUTTS","ESTEEMED","2","20.95","5","MUTTS","KINGS","","33.61","348.79","","","","4","0","0","","","","","","","","","","33","38","53","18","25.5","17","54","-","UPCOMING","63.00","NO UPSET","-","","","","","","","","","","","","","","","","","","","","","","","","","","","","","","","","","","","","","","","","",""
"17","WEEK 4","GAME 2","1","PRODIGY","POPEYES","219.36","159.16","CHAMPS","ESTEEMED","5","11.83","3","POPEYES","CHAMPS","YES","60.20","378.52","","","","4","1","1","","","","","","","","","","58","13","62","9","33.5","33","38","-","UPCOMING","33.00","NO UPSET","-","","","","","","Week","Winner","Opposing Team","Game Ref #","","","","","","","","","","","","","","","","","","","","","","","","","","","","","","","",""
"18","WEEK 4","GAME 3","4","ESTEEMED","YARDIES","169.98","137.07","DECOUPES","PRODIGY","3","5.71","1","YARDIES","DECOUPES","","32.91","307.05","MOTW","","UPSET","4","1","0","","","","","","","","","","31","40","26","45","38.0","42","29","38","11","4.00","5.71","29.00","","","1","0.20","2025","WEEK 10","MUTTS","SAVAGES","2025 REG, PVE FFL GAME 50","","","","","","","","","","","","","","","","","","","","","","","","","","","","","","","",""
"19","WEEK 4","GAME 4","10","ESTEEMED","EAGLES","183.68","194.64","GREEN","PRODIGY","8","13.41","4","GREEN","EAGLES","","10.96","378.32","","","","4","0","0","","","","","","","","","","9","62","61","10","9.5","2","69","-","UPCOMING","44.00","NO UPSET","-","","","2","1.00","2025","WEEK 6","SAVAGES","METAMOOKDAWGS","2025 REG, PVE FFL GAME 30","","","","","","","","","","","","","","","","","","","","","","","","","","","","","","","",""
"20","WEEK 4","GAME 5","7","ESTEEMED","METAMOOKDAWGS","201.65","175.05","SAVAGES","PRODIGY","6","8.71","2","METAMOOKDAWGS","SAVAGES","","26.60","376.70","","","UPSET","4","1","0","","","","","","","","","","24","47","60","11","17.5","7","64","-","UPCOMING","13.00","8.71","26.00","","","3","2.30","2025","WEEK 5","GREEN","CHAMPS","2025 REG, PVE FFL GAME 25","","","","","","","","","","","","","","","","","","","","","","","","","","","","","","","",""
"21","WEEK 5","GAME 1","3","ESTEEMED","YARDIES","204.92","143.90","METAMOOKDAWGS","ESTEEMED","7","13.83","2","YARDIES","METAMOOKDAWGS","YES","61.02","348.82","","","","5","1","0","","","","","","","","","","60","11","54","17","38.5","43","28","-","UPCOMING","45.00","NO UPSET","-","","","4","6.92","2025","WEEK 14","SAVAGES","CHAMPS","2025 REG, PVE FFL GAME 68","","","","","","","","","","","","","","","","","","","","","","","","","","","","","","","",""
"22","WEEK 5","GAME 2","2","ESTEEMED","MUTTS","161.98","141.58","EAGLES","ESTEEMED","10","23.66","5","MUTTS","EAGLES","","20.40","303.56","","","","5","1","0","","","","","","","","","","17","54","25","46","31.5","27","44","-","UPCOMING","68.00","NO UPSET","-","","","5","8.73","2025","WEEK 11","YARDIES","SAVAGES","2025 REG, PVE FFL GAME 55","","","","","","","","","","","","","","","","","","","","","","","","","","","","","","","",""
"23","WEEK 5","GAME 3","4","PRODIGY","DECOUPES","116.20","172.82","KINGS","PRODIGY","9","17.54","4","KINGS","DECOUPES","YES","56.62","289.02","","","UPSET","5","0","0","","","","","","","","","","56","15","17","54","55.0","65","6","-","UPCOMING","58.00","17.54","9.00","","","","","","","","","","","","","","","","","","","","","","","","","","","","","","","","","","","","","","","","",""
"24","WEEK 5","GAME 4","1","PRODIGY","POPEYES","202.46","156.15","SAVAGES","PRODIGY","6","14.54","3","POPEYES","SAVAGES","YES","46.31","358.61","","","","5","1","1","","","","","","","","","","51","20","55","16","33.5","31","40","-","UPCOMING","46.00","NO UPSET","-","","","","","","","","","","","","","","","","","","","","","","","","","","","","","","","","","","","","","","","","",""
"25","WEEK 5","GAME 5","8","PRODIGY","GREEN","167.16","164.86","CHAMPS","ESTEEMED","5","13.12","1","GREEN","CHAMPS","","2.30","332.02","MOTW","","UPSET","5","1","0","","","","","","","","","","3","68","43","28","15.5","5","66","15.5","3","42.00","13.12","13.00","","","","","","Week","Winner","Opposing Team","Game Ref #","","","","","","","","","","","","","","","","","","","","","","","","","","","","","","","",""
"26","WEEK 6","GAME 1","6","ESTEEMED","CHAMPS","149.44","175.13","EAGLES","ESTEEMED","10","16.83","4","EAGLES","CHAMPS","","25.69","324.57","","","UPSET","6","0","0","","","","","","","","","","23","48","39","32","27.5","23","48","-","UPCOMING","54.00","16.83","11.00","","","1","136.87","2025","WEEK 3","CHAMPS","DECOUPES","2025 REG, PVE FFL GAME 13","","","","","","","","","","","","","","","","","","","","","","","","","","","","","","","",""
"27","WEEK 6","GAME 2","2","ESTEEMED","MUTTS","162.92","127.98","YARDIES","ESTEEMED","3","4.71","1","MUTTS","YARDIES","","34.94","290.90","MOTW","","","6","1","0","","","","","","","","","","36","35","18","53","44.5","51","20","44.5","13","3.00","NO UPSET","-","","","2","97.04","2025","WEEK 3","GREEN","YARDIES","2025 REG, PVE FFL GAME 14","","","","","","","","","","","","","","","","","","","","","","","","","","","","","","","",""
"28","WEEK 6","GAME 3","5","PRODIGY","DECOUPES","141.19","110.89","POPEYES","PRODIGY","1","11.83","3","DECOUPES","POPEYES","","30.30","252.08","","","UPSET","6","1","0","","","","","","","","","","30","41","2","69","49.5","58","13","-","UPCOMING","34.00","11.83","18.00","","","3","84.55","2025","WEEK 13","DECOUPES","SAVAGES","2025 REG, PVE FFL GAME 62","","","","","","","","","","","","","","","","","","","","","","","","","","","","","","","",""
"29","WEEK 6","GAME 4","9","PRODIGY","KINGS","154.16","191.00","GREEN","PRODIGY","4","17.54","5","GREEN","KINGS","","36.84","345.16","","","","6","0","0","","","","","","","","","","39","32","52","19","29.0","24","47","-","UPCOMING","57.00","NO UPSET","-","","","4","79.69","2025","WEEK 2","MUTTS","CHAMPS","2025 REG, PVE FFL GAME 7","","","","","","","","","","","","","","","","","","","","","","","","","","","","","","","",""
"30","WEEK 6","GAME 5","7","PRODIGY","SAVAGES","154.82","153.82","METAMOOKDAWGS","ESTEEMED","8","9.71","2","SAVAGES","METAMOOKDAWGS","","1.00","308.64","","","","6","1","0","","","","","","","","","","2","69","27","44","23.0","12","59","-","UPCOMING","18.00","NO UPSET","-","","","5","72.39","2025","WEEK 12","DECOUPES","METAMOOKDAWGS","2025 REG, PVE FFL GAME 58","","","","","","","","","","","","","","","","","","","","","","","","","","","","","","","",""
"31","WEEK 7","GAME 1","10","ESTEEMED","EAGLES","153.49","131.61","YARDIES","ESTEEMED","3","21.95","5","EAGLES","YARDIES","","21.88","285.10","","","UPSET","7","1","0","","","","","","","","","","18","53","14","57","37.5","40","31","-","UPCOMING","66.00","21.95","2.00","","","","","","","","","","","","","","","","","","","","","","","","","","","","","","","","","","","","","","","","",""
"32","WEEK 7","GAME 2","7","ESTEEMED","CHAMPS","169.29","139.80","METAMOOKDAWGS","ESTEEMED","8","9.71","2","CHAMPS","METAMOOKDAWGS","","29.49","309.09","","","","7","1","0","","","","","","","","","","29","42","29","42","35.5","38","33","-","UPCOMING","19.00","NO UPSET","-","","","","","","","","","","","","","","","","","","","","","","","","","","","","","","","","","","","","","","","","",""
"33","WEEK 7","GAME 3","9","PRODIGY","KINGS","206.24","156.92","POPEYES","PRODIGY","2","20.95","4","KINGS","POPEYES","YES","49.32","363.16","","","UPSET","7","1","0","","","","","","","","","","53","18","57","14","33.5","32","39","-","UPCOMING","64.00","20.95","4.00","","","","","","Week","Winner","Opposing Team","Game Ref #","","","","","","","","","","","","","","","","","","","","","","","","","","","","","","","",""
"34","WEEK 7","GAME 4","5","PRODIGY","DECOUPES","215.41","173.25","MUTTS","ESTEEMED","1","11.83","3","DECOUPES","MUTTS","YES","42.16","388.66","","","UPSET","7","1","0","","","","","","","","","","46","25","67","4","25.0","16","55","-","UPCOMING","32.00","11.83","17.00","","","1","422.51","2025","WEEK 12","DECOUPES","METAMOOKDAWGS","2025 REG, PVE FFL GAME 58","","","","","","","","","","","","","","","","","","","","","","","","","","","","","","","",""
"35","WEEK 7","GAME 5","6","PRODIGY","SAVAGES","163.44","216.60","GREEN","PRODIGY","4","9.41","1","GREEN","SAVAGES","YES","53.16","380.04","MOTW","","","7","0","0","","","","","","","","","","54","17","63","8","31.0","26","45","31","8","17.00","NO UPSET","-","","","2","398.07","2025","WEEK 3","METAMOOKDAWGS","KINGS","2025 REG, PVE FFL GAME 11","","","","","","","","","","","","","","","","","","","","","","","","","","","","","","","",""
"36","WEEK 8","GAME 1","7","PRODIGY","SAVAGES","123.41","165.17","KINGS","PRODIGY","8","9.71","3","KINGS","SAVAGES","YES","41.76","288.58","","","UPSET","8","0","0","","","","","","","","","","44","27","16","55","49.5","59","12","-","UPCOMING","20.00","9.71","24.00","","","3","389.11","2025","WEEK 2","MUTTS","CHAMPS","2025 REG, PVE FFL GAME 7","","","","","","","","","","","","","","","","","","","","","","","","","","","","","","","",""
"37","WEEK 8","GAME 2","2","PRODIGY","GREEN","183.51","160.86","DECOUPES","PRODIGY","4","7.41","1","GREEN","DECOUPES","","22.65","344.37","MOTW","","","8","1","0","","","","","","","","","","19","52","50","21","20.0","10","61","20","5","9.00","NO UPSET","-","","","4","388.66","2025","WEEK 7","DECOUPES","MUTTS","2025 REG, PVE FFL GAME 34","","","","","","","","","","","","","","","","","","","","","","","","","","","","","","","",""
"38","WEEK 8","GAME 3","5","ESTEEMED","YARDIES","204.31","175.97","CHAMPS","ESTEEMED","6","7.71","2","YARDIES","CHAMPS","","28.34","380.28","","","","8","1","0","","","","","","","","","","26","45","65","6","16.0","6","65","-","UPCOMING","11.00","NO UPSET","-","","","5","381.93","2025","WEEK 3","POPEYES","MUTTS","2025 REG, PVE FFL GAME 12","","","","","","","","","","","","","","","","","","","","","","","","","","","","","","","",""
"39","WEEK 8","GAME 4","10","ESTEEMED","METAMOOKDAWGS","171.25","131.89","MUTTS","ESTEEMED","1","25.36","5","METAMOOKDAWGS","MUTTS","","39.36","303.14","","","UPSET","8","1","0","","","","","","","","","","41","30","24","47","44.0","50","21","-","UPCOMING","69.00","25.36","1.00","","","","","","","","","","","","","","","","","","","","","","","","","","","","","","","","","","","","","","","","",""
"40","WEEK 8","GAME 5","9","ESTEEMED","EAGLES","169.16","114.52","POPEYES","PRODIGY","3","19.24","4","EAGLES","POPEYES","YES","54.64","283.68","","","UPSET","8","1","0","","","","","","","","","","55","16","13","58","56.5","67","4","-","UPCOMING","61.00","19.24","6.00","","","","","","","","","","","","","","","","","","","","","","","","","","","","","","","","","","","","","","","","",""
"41","WEEK 9","GAME 1","4","PRODIGY","POPEYES","162.87","175.49","GREEN","PRODIGY","1","9.12","1","GREEN","POPEYES","","12.62","338.36","MOTW","","","9","0","0","","","","","","","","","","12","59","46","25","18.5","8","63","18.5","4","16.00","NO UPSET","-","","","","","","Week","Winner","Opposing Team","Game Ref #","","","","","","","","","","","","","","","","","","","","","","","","","","","","","","","",""
"42","WEEK 9","GAME 2","5","PRODIGY","DECOUPES","131.48","192.42","SAVAGES","PRODIGY","10","18.54","5","SAVAGES","DECOUPES","YES","60.94","323.90","","","UPSET","9","0","0","","","","","","","","","","59","12","37","34","46.5","54","17","-","UPCOMING","60.00","18.54","7.00","","","1","246.85","2025","WEEK 13","KINGS","POPEYES","2025 REG, PVE FFL GAME 61","","","","","","","","","","","","","","","","","","","","","","","","","","","","","","","",""
"43","WEEK 9","GAME 3","7","ESTEEMED","EAGLES","109.13","150.66","METAMOOKDAWGS","ESTEEMED","9","12.41","3","METAMOOKDAWGS","EAGLES","YES","41.53","259.79","","","UPSET","9","0","0","","","","","","","","","","43","28","4","67","55.0","63","8","-","UPCOMING","39.00","12.41","16.00","","","2","252.08","2025","WEEK 6","DECOUPES","POPEYES","2025 REG, PVE FFL GAME 28","","","","","","","","","","","","","","","","","","","","","","","","","","","","","","","",""
"44","WEEK 9","GAME 4","2","ESTEEMED","MUTTS","140.08","203.60","CHAMPS","ESTEEMED","8","18.24","4","CHAMPS","MUTTS","YES","63.52","343.68","","","UPSET","9","0","0","","","","","","","","","","64","7","49","22","43.0","47","24","-","UPCOMING","59.00","18.24","8.00","","","3","254.86","2025","WEEK 14","GREEN","KINGS","2025 REG, PVE FFL GAME 66","","","","","","","","","","","","","","","","","","","","","","","","","","","","","","","",""
"45","WEEK 9","GAME 5","3","ESTEEMED","YARDIES","166.25","142.60","KINGS","PRODIGY","6","11.12","2","YARDIES","KINGS","","23.65","308.85","","","","9","1","0","","","","","","","","","","20","51","28","43","31.5","28","43","-","UPCOMING","24.00","NO UPSET","-","","","4","259.79","2025","WEEK 9","METAMOOKDAWGS","EAGLES","2025 REG, PVE FFL GAME 43","","","","","","","","","","","","","","","","","","","","","","","","","","","","","","","",""
"46","WEEK 10","GAME 1","9","PRODIGY","KINGS","105.98","167.97","CHAMPS","ESTEEMED","5","15.83","2","CHAMPS","KINGS","YES","61.99","273.95","","","","10","0","0","","","","","","","","","","61","10","8","63","62.0","69","2","-","UPCOMING","48.00","NO UPSET","-","","","5","266.02","2025","WEEK 13","CHAMPS","METAMOOKDAWGS","2025 REG, PVE FFL GAME 65","","","","","","","","","","","","","","","","","","","","","","","","","","","","","","","",""
"47","WEEK 10","GAME 2","4","PRODIGY","POPEYES","202.13","177.99","YARDIES","ESTEEMED","2","7.41","1","POPEYES","YARDIES","","24.14","380.12","MOTW","","UPSET","10","1","1","","","","","","","","","","22","49","64","7","14.5","4","67","14.5","2","8.00","7.41","27.00","","","","","","","","","","","","","","","","","","","","","","","","","","","","","","","","","","","","","","","","",""
"48","WEEK 10","GAME 3","6","PRODIGY","DECOUPES","160.58","151.36","EAGLES","ESTEEMED","10","16.83","4","DECOUPES","EAGLES","","9.22","311.94","","","","10","1","0","","","","","","","","","","6","65","31","40","23.0","13","58","-","UPCOMING","52.00","NO UPSET","-","","","","","","","","","","","","","","","","","","","","","","","","","","","","","","","","","","","","","","","","",""
"49","WEEK 10","GAME 4","1","PRODIGY","GREEN","203.56","165.52","METAMOOKDAWGS","ESTEEMED","7","17.24","5","GREEN","METAMOOKDAWGS","","38.04","369.08","","","","10","1","0","","","","","","","","","","40","31","59","12","26.0","20","51","-","UPCOMING","55.00","NO UPSET","-","","","","","","Week","Winner","Opposing Team","Game Ref #","","","MOTW","","","","","","","","","","","","","","","","","","","","","","","","","","","","",""
"50","WEEK 10","GAME 5","8","PRODIGY","SAVAGES","156.44","156.64","MUTTS","ESTEEMED","3","16.54","3","MUTTS","SAVAGES","","0.20","313.08","","","","10","0","0","","","","","","","","","","1","70","33","38","19.5","9","62","-","UPCOMING","49.00","NO UPSET","-","","","1","62.50","2025","WEEK 14","GREEN","KINGS","2025 REG, PVE FFL GAME 66","58.72","254.86","","","","","","","","","","","","","","","","","","","","","","","","","","","","","",""
"51","WEEK 11","GAME 1","10","ESTEEMED","EAGLES","216.31","149.76","KINGS","PRODIGY","9","11.71","1","EAGLES","KINGS","YES","66.55","366.07","MOTW","","UPSET","11","1","0","","","","","","","","","","65","6","58","13","39.0","44","27","39","12","29.00","11.71","19.00","","","2","62.00","2025","WEEK 10","CHAMPS","KINGS","2025 REG, PVE FFL GAME 46","61.99","273.95","","","","","","","","","","","","","","","","","","","","","","","","","","","","","",""
"52","WEEK 11","GAME 2","7","ESTEEMED","METAMOOKDAWGS","154.98","169.09","POPEYES","PRODIGY","4","12.12","3","POPEYES","METAMOOKDAWGS","","14.11","324.07","","","","11","0","1","","","","","","","","","","13","58","38","33","23.0","14","57","-","UPCOMING","36.00","NO UPSET","-","","","3","57.50","2025","WEEK 13","KINGS","POPEYES","2025 REG, PVE FFL GAME 61","41.87","246.85","","","","","","","","","","","","","","","","","","","","","","","","","","","","","",""
"53","WEEK 11","GAME 3","2","ESTEEMED","MUTTS","126.67","169.31","DECOUPES","PRODIGY","6","12.83","4","DECOUPES","MUTTS","YES","42.64","295.98","","","UPSET","11","0","0","","","","","","","","","","47","24","20","51","49.0","57","14","-","UPCOMING","41.00","12.83","14.00","","","4","56.50","2025","WEEK 8","EAGLES","POPEYES","2025 REG, PVE FFL GAME 40","54.64","283.68","","","","","","","","","","","","","","","","","","","","","","","","","","","","","",""
"54","WEEK 11","GAME 4","5","ESTEEMED","CHAMPS","118.22","164.25","GREEN","PRODIGY","1","11.83","2","GREEN","CHAMPS","YES","46.03","282.47","","","","11","0","0","","","","","","","","","","50","21","11","60","55.0","64","7","-","UPCOMING","35.00","NO UPSET","-","","","5","55.00","2025","WEEK 3","GREEN","YARDIES","2025 REG, PVE FFL GAME 14","97.04","311.44","","","","","","","","","","","","","","","","","","","","","","","","","","","","","",""
"55","WEEK 11","GAME 5","3","ESTEEMED","YARDIES","139.71","130.98","SAVAGES","PRODIGY","8","16.54","5","YARDIES","SAVAGES","","8.73","270.69","","","","11","1","0","","","","","","","","","","5","66","6","65","35.0","35","36","-","UPCOMING","51.00","NO UPSET","-","","","","","","","","","","","","","","","","","","","","","","","","","","","","","","","","","","","","","","","","",""
"56","WEEK 12","GAME 1","10","PRODIGY","KINGS","181.23","132.31","SAVAGES","PRODIGY","9","11.71","2","KINGS","SAVAGES","YES","48.92","313.54","","","UPSET","12","1","0","","","","","","","","","","52","19","34","37","44.5","52","19","-","UPCOMING","31.00","11.71","21.00","","","","","","","","","","","","","","","","","","","","","","","","","","","","","","","","","","","","","","","","",""
"57","WEEK 12","GAME 2","1","PRODIGY","GREEN","189.22","155.64","POPEYES","PRODIGY","3","6.41","1","GREEN","POPEYES","","33.58","344.86","","","","12","1","0","","","","","","","","","","32","39","51","20","26.0","19","52","-","UPCOMING","5.00","NO UPSET","-","","","","","","Week","Winner","Opposing Team","Game Ref #","","","GAME VALUE","","","","","","","","","","","","","","","","","","","","","","","","","","","","",""
"58","WEEK 12","GAME 3","5","PRODIGY","DECOUPES","247.45","175.06","METAMOOKDAWGS","ESTEEMED","8","13.12","5","DECOUPES","METAMOOKDAWGS","YES","72.39","422.51","","","","12","1","0","","","","","","","","","","66","5","70","1","33.5","34","37","-","UPCOMING","43.00","NO UPSET","-","","","1","3.71","2025","WEEK 2","MUTTS","CHAMPS","2025 REG, PVE FFL GAME 7","1.00","2.00","35.0","","","","","","","","","","","","","","","","","","","","","","","","","","","","",""
"59","WEEK 12","GAME 4","6","ESTEEMED","CHAMPS","152.31","169.10","YARDIES","ESTEEMED","2","12.83","4","YARDIES","CHAMPS","","16.79","321.41","MOTW","","","12","0","0","","","","","","","","","","15","56","36","35","25.0","15","56","25","7","40.00","NO UPSET","-","","","2","3.71","2025","WEEK 1","POPEYES","SAVAGES","2025 REG, PVE FFL GAME 5","2.00","1.00","53.0","","","","","","","","","","","","","","","","","","","","","","","","","","","","",""
"60","WEEK 12","GAME 5","7","ESTEEMED","EAGLES","122.72","157.19","MUTTS","ESTEEMED","4","12.12","3","MUTTS","EAGLES","","34.47","279.91","","","","12","0","0","","","","","","","","","","35","36","10","61","48.0","56","15","-","UPCOMING","37.00","NO UPSET","-","","","3","4.71","2025","WEEK 6","MUTTS","YARDIES","2025 REG, PVE FFL GAME 27","2.00","3.00","44.5","","","","","","","","","","","","","","","","","","","","","","","","","","","","",""
"61","WEEK 13","GAME 1","5","PRODIGY","POPEYES","102.49","144.36","KINGS","PRODIGY","7","10.41","2","KINGS","POPEYES","YES","41.87","246.85","","","UPSET","13","0","0","","","","","","","","","","45","26","1","70","57.5","68","3","-","UPCOMING","23.00","10.41","22.00","","","4","5.71","2025","WEEK 4","YARDIES","DECOUPES","2025 REG, PVE FFL GAME 18","4.00","3.00","38.0","","","","","","","","","","","","","","","","","","","","","","","","","","","","",""
"62","WEEK 13","GAME 2","10","PRODIGY","SAVAGES","125.37","209.92","DECOUPES","PRODIGY","4","20.24","4","DECOUPES","SAVAGES","YES","84.55","335.29","","","","13","0","0","","","","","","","","","","68","3","45","26","47.0","55","16","-","UPCOMING","62.00","NO UPSET","-","","","5","6.41","2025","WEEK 12","GREEN","POPEYES","2025 REG, PVE FFL GAME 57","1.00","3.00","26.0","","","","","","","","","","","","","","","","","","","","","","","","","","","","",""
"63","WEEK 13","GAME 3","3","ESTEEMED","MUTTS","140.08","202.79","GREEN","PRODIGY","1","6.41","1","GREEN","MUTTS","YES","62.71","342.87","","","","13","0","0","","","","","","","","","","63","8","47","24","43.5","49","22","-","UPCOMING","6.00","NO UPSET","-","","","","","","","","","","","","","","","","","","","","","","","","","","","","","","","","","","","","","","","","",""
"64","WEEK 13","GAME 4","2","ESTEEMED","YARDIES","126.53","160.82","EAGLES","ESTEEMED","9","20.95","5","EAGLES","YARDIES","","34.29","287.35","","","UPSET","13","0","0","","","","","","","","","","34","37","15","56","45.0","53","18","-","UPCOMING","65.00","20.95","5.00","","","","","","","","","","","","","","","","","","","","","","","","","","","","","","","","","","","","","","","","",""
"65","WEEK 13","GAME 5","8","ESTEEMED","METAMOOKDAWGS","128.36","137.66","CHAMPS","ESTEEMED","6","11.41","3","CHAMPS","METAMOOKDAWGS","","9.30","266.02","MOTW","","","13","0","0","","","","","","","","","","7","64","5","66","36.5","39","32","36.5","10","27.00","NO UPSET","-","","","","","","Week","Winner","Opposing Team","Game Ref #","","","GAME VALUE","","","","","","","","","","","","","","","","","","","","","","","","","","","","",""
"66","WEEK 14","GAME 1","1","PRODIGY","GREEN","156.79","98.07","KINGS","PRODIGY","7","17.24","5","GREEN","KINGS","YES","58.72","254.86","","","","14","1","0","","","","","","","","","","57","14","3","68","62.5","70","1","-","UPCOMING","56.00","NO UPSET","-","","","1","25.36","2025","WEEK 8","METAMOOKDAWGS","MUTTS","2025 REG, PVE FFL GAME 39","10.00","1.00","44.0","","","","","","","","","","","","","","","","","","","","","","","","","","","","",""
"67","WEEK 14","GAME 2","5","PRODIGY","POPEYES","153.61","189.27","DECOUPES","PRODIGY","3","8.41","2","DECOUPES","POPEYES","","35.66","342.88","","","","14","0","0","","","","","","","","","","37","34","48","23","30.0","25","46","-","UPCOMING","12.00","NO UPSET","-","","","2","21.95","2025","WEEK 7","EAGLES","YARDIES","2025 REG, PVE FFL GAME 31","10.00","3.00","37.5","","","","","","","","","","","","","","","","","","","","","","","","","","","","",""
"68","WEEK 14","GAME 3","6","ESTEEMED","CHAMPS","146.33","153.25","SAVAGES","PRODIGY","10","16.83","4","SAVAGES","CHAMPS","","6.92","299.58","","","UPSET","14","0","0","","","","","","","","","","4","67","22","49","26.5","21","50","-","UPCOMING","53.00","16.83","10.00","","","3","21.95","2025","WEEK 3","GREEN","YARDIES","2025 REG, PVE FFL GAME 14","10.00","3.00","55.0","","","","","","","","","","","","","","","","","","","","","","","","","","","","",""
"69","WEEK 14","GAME 4","2","ESTEEMED","YARDIES","175.94","158.96","MUTTS","ESTEEMED","4","7.41","1","YARDIES","MUTTS","","16.98","334.90","MOTW","","","14","1","0","","","","","","","","","","16","55","44","27","21.5","11","60","21.5","6","10.00","NO UPSET","-","","","4","20.95","2025","WEEK 7","KINGS","POPEYES","2025 REG, PVE FFL GAME 33","9.00","2.00","33.5","","","","","","","","","","","","","","","","","","","","","","","","","","","","",""
"70","WEEK 14","GAME 5","9","ESTEEMED","METAMOOKDAWGS","173.80","185.68","EAGLES","ESTEEMED","8","10.71","3","EAGLES","METAMOOKDAWGS","","11.88","359.48","","","","14","0","0","","","","","","","","","","10","61","56","15","12.5","3","68","-","UPCOMING","","NO UPSET","-","","","5","20.95","2025","WEEK 13","EAGLES","YARDIES","2025 REG, PVE FFL GAME 64","2.00","9.00","45.0","","","","","","","","","","","","","","","","","","","","","","","","","","","","",""